date,code,strategy,entry_price
2026-08-03,2395,Minervini,563.0
2026-08-03,2762,Minervini,89.6
2026-08-03,2801,Minervini,25.2
2026-08-03,2832,Minervini,59.4
2026-08-03,2850,Minervini,161.0
2026-08-03,2867,Minervini,9.9
2026-08-03,2880,Minervini,43.7
2026-08-03,2881,Minervini,130.0
2026-08-03,2882,Minervini,101.5
2026-08-03,2884,Minervini,38.65
2026-08-03,2890,Minervini,40.6
2026-08-03,2892,Minervini,36.75
2026-08-03,2905,Minervini,17.1
2026-08-03,3034,Minervini,519.0
2026-08-03,6214,Minervini,154.0
2026-08-03,6598,Minervini,30.1
2026-08-03,1101,VCP-廣義VCP,24.3
2026-08-03,1103,VCP-廣義VCP,13.1
2026-08-03,1216,VCP-廣義VCP,73.8
2026-08-03,1217,VCP-廣義VCP,9.95
2026-08-03,1227,VCP-廣義VCP,29.25
2026-08-03,1259,VCP-廣義VCP,58.3
2026-08-03,1307,VCP-廣義VCP,31.75
2026-08-03,1321,VCP-廣義VCP,32.6
2026-08-03,1402,VCP-廣義VCP,27.15
2026-08-03,1410,VCP-廣義VCP,26.4
2026-08-03,1414,VCP-廣義VCP,19.0
2026-08-03,1439,VCP-廣義VCP,27.8
2026-08-03,1442,VCP-廣義VCP,28.6
2026-08-03,1470,VCP-廣義VCP,23.6
2026-08-03,1472,VCP-廣義VCP,89.6
2026-08-03,1531,VCP-廣義VCP,12.9
2026-08-03,1539,VCP-廣義VCP,16.0
2026-08-03,1558,VCP-廣義VCP,91.8
2026-08-03,1604,VCP-廣義VCP,23.35
2026-08-03,1614,VCP-廣義VCP,31.35
2026-08-03,1615,VCP-廣義VCP,42.0
2026-08-03,1726,VCP-廣義VCP,78.1
2026-08-03,1731,VCP-廣義VCP,20.55
2026-08-03,1733,VCP-廣義VCP,31.3
2026-08-03,1734,VCP-廣義VCP,31.7
2026-08-03,1742,VCP-廣義VCP,17.9
2026-08-03,1788,VCP-廣義VCP,130.0
2026-08-03,1799,VCP-廣義VCP,32.7
2026-08-03,1806,VCP-廣義VCP,8.03
2026-08-03,1817,VCP-廣義VCP,38.65
2026-08-03,1903,VCP-廣義VCP,47.1
2026-08-03,1906,VCP-廣義VCP,11.0
2026-08-03,2002,VCP-廣義VCP,18.95
2026-08-03,2012,VCP-廣義VCP,15.85
2026-08-03,2015,VCP-廣義VCP,65.2
2026-08-03,2027,VCP-廣義VCP,43.2
2026-08-03,2029,VCP-廣義VCP,20.7
2026-08-03,2031,VCP-廣義VCP,37.9
2026-08-03,2066,VCP-廣義VCP,58.8
2026-08-03,2106,VCP-廣義VCP,18.15
2026-08-03,2211,VCP-廣義VCP,87.0
2026-08-03,2324,VCP-廣義VCP,36.0
2026-08-03,2330,VCP-廣義VCP,2425.0
2026-08-03,2364,VCP-廣義VCP,70.3
2026-08-03,2373,VCP-廣義VCP,54.0
2026-08-03,2412,VCP-廣義VCP,139.5
2026-08-03,2432,VCP-廣義VCP,28.55
2026-08-03,2442,VCP-廣義VCP,19.4
2026-08-03,2459,VCP-廣義VCP,64.5
2026-08-03,2480,VCP-廣義VCP,166.0
2026-08-03,2506,VCP-廣義VCP,8.75
2026-08-03,2509,VCP-廣義VCP,13.0
2026-08-03,2524,VCP-廣義VCP,35.8
2026-08-03,2535,VCP-廣義VCP,88.2
2026-08-03,2538,VCP-廣義VCP,9.5
2026-08-03,2539,VCP-廣義VCP,42.65
2026-08-03,2542,VCP-廣義VCP,44.0
2026-08-03,2607,VCP-廣義VCP,47.15
2026-08-03,2608,VCP-廣義VCP,29.1
2026-08-03,2609,VCP-廣義VCP,50.8
2026-08-03,2616,VCP-廣義VCP,13.35
2026-08-03,2617,VCP-廣義VCP,28.45
2026-08-03,2634,VCP-廣義VCP,61.9
2026-08-03,2636,VCP-廣義VCP,66.3
2026-08-03,2637,VCP-廣義VCP,78.3
2026-08-03,2646,VCP-廣義VCP,21.65
2026-08-03,2707,VCP-廣義VCP,178.0
2026-08-03,2739,VCP-廣義VCP,35.25
2026-08-03,2740,VCP-廣義VCP,33.65
2026-08-03,2812,VCP-廣義VCP,20.5
2026-08-03,2816,VCP-廣義VCP,33.75
2026-08-03,2820,VCP-廣義VCP,16.75
2026-08-03,2836,VCP-廣義VCP,12.1
2026-08-03,2838,VCP-廣義VCP,20.75
2026-08-03,2845,VCP-廣義VCP,13.5
2026-08-03,2885,VCP-廣義VCP,68.1
2026-08-03,2903,VCP-廣義VCP,22.15
2026-08-03,2904,VCP-廣義VCP,13.45
2026-08-03,2912,VCP-廣義VCP,224.0
2026-08-03,2924,VCP-廣義VCP,18.0
2026-08-03,2948,VCP-廣義VCP,38.5
2026-08-03,3008,VCP-廣義VCP,4035.0
2026-08-03,3045,VCP-廣義VCP,112.5
2026-08-03,3218,VCP-廣義VCP,132.5
2026-08-03,3226,VCP-廣義VCP,49.4
2026-08-03,3266,VCP-廣義VCP,13.95
2026-08-03,3489,VCP-廣義VCP,22.1
2026-08-03,3512,VCP-廣義VCP,19.6
2026-08-03,3523,VCP-廣義VCP,16.4
2026-08-03,3594,VCP-廣義VCP,50.0
2026-08-03,3669,VCP-廣義VCP,39.25
2026-08-03,4104,VCP-廣義VCP,70.8
2026-08-03,4105,VCP-廣義VCP,74.4
2026-08-03,4106,VCP-廣義VCP,23.7
2026-08-03,4114,VCP-廣義VCP,29.0
2026-08-03,4119,VCP-廣義VCP,47.35
2026-08-03,4120,VCP-廣義VCP,47.35
2026-08-03,4123,VCP-廣義VCP,37.75
2026-08-03,4129,VCP-廣義VCP,83.5
2026-08-03,4153,VCP-廣義VCP,31.7
2026-08-03,4162,VCP-廣義VCP,61.4
2026-08-03,4163,VCP-廣義VCP,125.5
2026-08-03,4166,VCP-廣義VCP,24.75
2026-08-03,4171,VCP-廣義VCP,17.35
2026-08-03,4178,VCP-廣義VCP,17.3
2026-08-03,4190,VCP-廣義VCP,25.85
2026-08-03,4306,VCP-廣義VCP,14.35
2026-08-03,4426,VCP-廣義VCP,8.03
2026-08-03,4438,VCP-廣義VCP,60.7
2026-08-03,4530,VCP-廣義VCP,24.15
2026-08-03,4535,VCP-廣義VCP,28.1
2026-08-03,4557,VCP-廣義VCP,50.5
2026-08-03,4566,VCP-廣義VCP,66.4
2026-08-03,4746,VCP-廣義VCP,50.7
2026-08-03,4771,VCP-廣義VCP,182.0
2026-08-03,4907,VCP-廣義VCP,42.4
2026-08-03,4938,VCP-廣義VCP,84.4
2026-08-03,4953,VCP-廣義VCP,120.5
2026-08-03,4994,VCP-廣義VCP,92.8
2026-08-03,5225,VCP-廣義VCP,72.5
2026-08-03,5269,VCP-廣義VCP,1315.0
2026-08-03,5283,VCP-廣義VCP,54.8
2026-08-03,5312,VCP-廣義VCP,88.8
2026-08-03,5321,VCP-廣義VCP,53.3
2026-08-03,5348,VCP-廣義VCP,16.95
2026-08-03,5388,VCP-廣義VCP,82.3
2026-08-03,5455,VCP-廣義VCP,28.3
2026-08-03,5508,VCP-廣義VCP,50.2
2026-08-03,5534,VCP-廣義VCP,77.6
2026-08-03,5871,VCP-廣義VCP,111.5
2026-08-03,5903,VCP-廣義VCP,189.5
2026-08-03,5904,VCP-廣義VCP,72.0
2026-08-03,5905,VCP-廣義VCP,8.2
2026-08-03,6024,VCP-廣義VCP,58.3
2026-08-03,6177,VCP-廣義VCP,47.3
2026-08-03,6212,VCP-廣義VCP,29.2
2026-08-03,6241,VCP-廣義VCP,16.75
2026-08-03,6469,VCP-廣義VCP,78.2
2026-08-03,6472,VCP-廣義VCP,382.5
2026-08-03,6491,VCP-廣義VCP,324.0
2026-08-03,6496,VCP-廣義VCP,24.6
2026-08-03,6504,VCP-廣義VCP,40.0
2026-08-03,6516,VCP-廣義VCP,56.9
2026-08-03,6547,VCP-廣義VCP,45.8
2026-08-03,6582,VCP-廣義VCP,32.15
2026-08-03,6589,VCP-廣義VCP,44.85
2026-08-03,6603,VCP-廣義VCP,26.15
2026-08-03,6670,VCP-廣義VCP,254.0
2026-08-03,6691,VCP-廣義VCP,650.0
2026-08-03,6703,VCP-廣義VCP,105.5
2026-08-03,6757,VCP-廣義VCP,57.4
2026-08-03,6782,VCP-廣義VCP,184.5
2026-08-03,6790,VCP-廣義VCP,38.7
2026-08-03,6807,VCP-廣義VCP,35.2
2026-08-03,6811,VCP-廣義VCP,216.5
2026-08-03,6916,VCP-廣義VCP,17.9
2026-08-03,6919,VCP-廣義VCP,103.0
2026-08-03,6934,VCP-廣義VCP,73.0
2026-08-03,6951,VCP-廣義VCP,71.4
2026-08-03,6958,VCP-廣義VCP,18.8
2026-08-03,6968,VCP-廣義VCP,43.45
2026-08-03,7642,VCP-廣義VCP,76.9
2026-08-03,7722,VCP-廣義VCP,270.0
2026-08-03,7747,VCP-廣義VCP,116.0
2026-08-03,7767,VCP-廣義VCP,46.5
2026-08-03,7786,VCP-廣義VCP,126.5
2026-08-03,7791,VCP-廣義VCP,60.0
2026-08-03,8050,VCP-廣義VCP,54.6
2026-08-03,8102,VCP-廣義VCP,71.9
2026-08-03,8341,VCP-廣義VCP,76.4
2026-08-03,8415,VCP-廣義VCP,37.0
2026-08-03,8421,VCP-廣義VCP,15.3
2026-08-03,8432,VCP-廣義VCP,49.65
2026-08-03,8443,VCP-廣義VCP,11.5
2026-08-03,8464,VCP-廣義VCP,381.0
2026-08-03,8488,VCP-廣義VCP,10.25
2026-08-03,8906,VCP-廣義VCP,25.6
2026-08-03,9905,VCP-廣義VCP,20.65
2026-08-03,9906,VCP-廣義VCP,39.75
2026-08-03,9911,VCP-廣義VCP,81.9
2026-08-03,9918,VCP-廣義VCP,42.5
2026-08-03,9926,VCP-廣義VCP,49.3
2026-08-03,9927,VCP-廣義VCP,69.9
2026-08-03,9928,VCP-廣義VCP,18.2
2026-08-03,9937,VCP-廣義VCP,56.2
2026-08-03,9941,VCP-廣義VCP,82.0
2026-08-03,9962,VCP-廣義VCP,9.78
2026-08-03,1203,VCP-強勢VCP,48.95
2026-08-03,1468,VCP-強勢VCP,14.05
2026-08-03,1525,VCP-強勢VCP,68.4
2026-08-03,1526,VCP-強勢VCP,18.15
2026-08-03,1907,VCP-強勢VCP,29.05
2026-08-03,2206,VCP-強勢VCP,64.8
2026-08-03,2247,VCP-強勢VCP,230.0
2026-08-03,2395,VCP-強勢VCP,563.0
2026-08-03,2540,VCP-強勢VCP,61.0
2026-08-03,2546,VCP-強勢VCP,101.5
2026-08-03,2762,VCP-強勢VCP,89.6
2026-08-03,2832,VCP-強勢VCP,59.4
2026-08-03,2834,VCP-強勢VCP,18.2
2026-08-03,2849,VCP-強勢VCP,15.4
2026-08-03,2880,VCP-強勢VCP,43.7
2026-08-03,2881,VCP-強勢VCP,130.0
2026-08-03,2882,VCP-強勢VCP,101.5
2026-08-03,2884,VCP-強勢VCP,38.65
2026-08-03,2892,VCP-強勢VCP,36.75
2026-08-03,2905,VCP-強勢VCP,17.1
2026-08-03,2910,VCP-強勢VCP,25.7
2026-08-03,5515,VCP-強勢VCP,42.9
2026-08-03,5876,VCP-強勢VCP,45.45
2026-08-03,5880,VCP-強勢VCP,27.6
2026-08-03,6214,VCP-強勢VCP,154.0
2026-08-03,6243,VCP-強勢VCP,50.7
2026-08-03,6277,VCP-強勢VCP,80.2
2026-08-03,6606,VCP-強勢VCP,26.0
2026-08-03,8482,VCP-強勢VCP,53.0
2026-08-03,9945,VCP-強勢VCP,27.05
2026-08-03,0051,創新高,133.85
2026-08-03,0053,創新高,227.35
2026-08-03,0055,創新高,44.69
2026-08-03,00646,創新高,76.2
2026-08-03,00652,創新高,34.29
2026-08-03,00657,創新高,76.2
2026-08-03,00660,創新高,47.04
2026-08-03,00662,創新高,118.55
2026-08-03,00668,創新高,62.3
2026-08-03,00692,創新高,87.95
2026-08-03,00700,創新高,18.02
2026-08-03,00703,創新高,20.2
2026-08-03,00717,創新高,14.85
2026-08-03,00730,創新高,28.17
2026-08-03,00736,創新高,31.59
2026-08-03,00737,創新高,38.67
2026-08-03,00752,創新高,24.36
2026-08-03,00757,創新高,131.55
2026-08-03,00762,創新高,108.0
2026-08-03,00770,創新高,66.6
2026-08-03,00771,創新高,15.82
2026-08-03,00850,創新高,86.4
2026-08-03,00851,創新高,69.1
2026-08-03,00858,創新高,35.6
2026-08-03,00875,創新高,51.8
2026-08-03,00878,創新高,32.57
2026-08-03,00881,創新高,50.85
2026-08-03,00885,創新高,18.27
2026-08-03,00886,創新高,45.14
2026-08-03,00891,創新高,33.72
2026-08-03,00894,創新高,45.21
2026-08-03,00895,創新高,49.1
2026-08-03,00897,創新高,11.2
2026-08-03,00899,創新高,23.81
2026-08-03,00900,創新高,18.25
2026-08-03,00902,創新高,12.73
2026-08-03,00903,創新高,20.52
2026-08-03,00904,創新高,38.11
2026-08-03,00908,創新高,15.84
2026-08-03,00910,創新高,55.95
2026-08-03,00912,創新高,32.08
2026-08-03,00913,創新高,45.42
2026-08-03,00915,創新高,31.65
2026-08-03,00916,創新高,26.5
2026-08-03,00918,創新高,32.97
2026-08-03,00920,創新高,23.82
2026-08-03,00921,創新高,22.69
2026-08-03,00922,創新高,38.95
2026-08-03,00923,創新高,40.39
2026-08-03,00924,創新高,32.48
2026-08-03,00926,創新高,25.9
2026-08-03,00927,創新高,34.8
2026-08-03,00928,創新高,28.8
2026-08-03,00932,創新高,17.05
2026-08-03,00934,創新高,27.39
2026-08-03,00938,創新高,25.3
2026-08-03,00940,創新高,12.12
2026-08-03,00949,創新高,21.49
2026-08-03,00951,創新高,17.58
2026-08-03,00952,創新高,17.36
2026-08-03,00955,創新高,15.45
2026-08-03,00956,創新高,13.13
2026-08-03,00960,創新高,18.93
2026-08-03,00961,創新高,12.95
2026-08-03,00963,創新高,13.44
2026-08-03,00965,創新高,25.2
2026-08-03,00971,創新高,17.34
2026-08-03,1110,創新高,16.15
2026-08-03,1213,創新高,7.23
2026-08-03,1236,創新高,24.55
2026-08-03,1240,創新高,55.2
2026-08-03,1268,創新高,172.5
2026-08-03,1307,創新高,31.75
2026-08-03,1321,創新高,32.6
2026-08-03,1323,創新高,19.9
2026-08-03,1338,創新高,15.5
2026-08-03,1341,創新高,59.0
2026-08-03,1410,創新高,26.4
2026-08-03,1414,創新高,19.0
2026-08-03,1423,創新高,35.85
2026-08-03,1432,創新高,15.1
2026-08-03,1437,創新高,31.7
2026-08-03,1438,創新高,23.3
2026-08-03,1439,創新高,27.8
2026-08-03,1445,創新高,10.9
2026-08-03,1451,創新高,17.5
2026-08-03,1454,創新高,12.95
2026-08-03,1456,創新高,14.0
2026-08-03,1459,創新高,15.8
2026-08-03,1463,創新高,17.85
2026-08-03,1468,創新高,14.05
2026-08-03,1470,創新高,23.6
2026-08-03,1472,創新高,89.6
2026-08-03,1524,創新高,26.35
2026-08-03,1525,創新高,68.4
2026-08-03,1538,創新高,10.2
2026-08-03,1558,創新高,91.8
2026-08-03,1580,創新高,112.5
2026-08-03,1586,創新高,18.6
2026-08-03,1589,創新高,5.54
2026-08-03,1614,創新高,31.35
2026-08-03,1725,創新高,29.9
2026-08-03,1742,創新高,17.9
2026-08-03,1752,創新高,31.7
2026-08-03,1777,創新高,72.1
2026-08-03,1781,創新高,11.6
2026-08-03,1808,創新高,33.0
2026-08-03,1817,創新高,38.65
2026-08-03,1907,創新高,29.05
2026-08-03,2006,創新高,74.6
2026-08-03,2008,創新高,30.95
2026-08-03,2010,創新高,21.15
2026-08-03,2013,創新高,40.9
2026-08-03,2033,創新高,15.3
2026-08-03,2061,創新高,55.5
2026-08-03,2062,創新高,18.85
2026-08-03,2072,創新高,154.0
2026-08-03,2101,創新高,33.25
2026-08-03,2102,創新高,19.35
2026-08-03,2109,創新高,14.45
2026-08-03,2114,創新高,87.7
2026-08-03,2201,創新高,28.0
2026-08-03,2204,創新高,53.1
2026-08-03,2206,創新高,64.8
2026-08-03,2207,創新高,558.0
2026-08-03,2231,創新高,95.7
2026-08-03,2247,創新高,230.0
2026-08-03,2330,創新高,2425.0
2026-08-03,2347,創新高,93.7
2026-08-03,2354,創新高,56.5
2026-08-03,2357,創新高,810.0
2026-08-03,2360,創新高,2100.0
2026-08-03,2373,創新高,54.0
2026-08-03,2385,創新高,106.0
2026-08-03,2409,創新高,24.2
2026-08-03,2414,創新高,58.0
2026-08-03,2425,創新高,46.95
2026-08-03,2432,創新高,28.55
2026-08-03,2433,創新高,42.0
2026-08-03,2438,創新高,18.05
2026-08-03,2442,創新高,19.4
2026-08-03,2450,創新高,28.75
2026-08-03,2451,創新高,293.0
2026-08-03,2453,創新高,53.2
2026-08-03,2477,創新高,21.6
2026-08-03,2480,創新高,166.0
2026-08-03,2488,創新高,50.6
2026-08-03,2505,創新高,17.95
2026-08-03,2506,創新高,8.75
2026-08-03,2511,創新高,8.6
2026-08-03,2514,創新高,12.8
2026-08-03,2528,創新高,19.4
2026-08-03,2535,創新高,88.2
2026-08-03,2537,創新高,11.1
2026-08-03,2540,創新高,61.0
2026-08-03,2546,創新高,101.5
2026-08-03,2547,創新高,10.5
2026-08-03,2596,創新高,29.85
2026-08-03,2597,創新高,163.5
2026-08-03,2603,創新高,204.0
2026-08-03,2610,創新高,22.4
2026-08-03,2618,創新高,43.3
2026-08-03,2634,創新高,61.9
2026-08-03,2636,創新高,66.3
2026-08-03,2640,創新高,148.0
2026-08-03,2704,創新高,47.95
2026-08-03,2722,創新高,21.75
2026-08-03,2723,創新高,63.2
2026-08-03,2727,創新高,234.5
2026-08-03,2731,創新高,147.0
2026-08-03,2739,創新高,35.25
2026-08-03,2740,創新高,33.65
2026-08-03,2748,創新高,38.6
2026-08-03,2753,創新高,181.5
2026-08-03,2762,創新高,89.6
2026-08-03,2801,創新高,25.2
2026-08-03,2816,創新高,33.75
2026-08-03,2820,創新高,16.75
2026-08-03,2832,創新高,59.4
2026-08-03,2834,創新高,18.2
2026-08-03,2838,創新高,20.75
2026-08-03,2845,創新高,13.5
2026-08-03,2849,創新高,15.4
2026-08-03,2850,創新高,161.0
2026-08-03,2852,創新高,27.0
2026-08-03,2867,創新高,9.9
2026-08-03,2880,創新高,43.7
2026-08-03,2881,創新高,130.0
2026-08-03,2882,創新高,101.5
2026-08-03,2883,創新高,30.85
2026-08-03,2884,創新高,38.65
2026-08-03,2885,創新高,68.1
2026-08-03,2886,創新高,53.1
2026-08-03,2887,創新高,35.95
2026-08-03,2890,創新高,40.6
2026-08-03,2891,創新高,64.9
2026-08-03,2892,創新高,36.75
2026-08-03,2905,創新高,17.1
2026-08-03,2908,創新高,22.1
2026-08-03,2915,創新高,52.2
2026-08-03,2916,創新高,39.9
2026-08-03,2948,創新高,38.5
2026-08-03,3004,創新高,135.0
2026-08-03,3005,創新高,114.0
2026-08-03,3023,創新高,296.0
2026-08-03,3029,創新高,109.5
2026-08-03,3034,創新高,519.0
2026-08-03,3038,創新高,20.8
2026-08-03,3064,創新高,18.0
2026-08-03,3067,創新高,17.95
2026-08-03,3078,創新高,52.6
2026-08-03,3083,創新高,25.2
2026-08-03,3115,創新高,9.5
2026-08-03,3171,創新高,65.6
2026-08-03,3226,創新高,49.4
2026-08-03,3229,創新高,43.15
2026-08-03,3266,創新高,13.95
2026-08-03,3268,創新高,21.7
2026-08-03,3293,創新高,776.0
2026-08-03,3303,創新高,55.0
2026-08-03,3310,創新高,66.8
2026-08-03,3434,創新高,29.9
2026-08-03,3489,創新高,22.1
2026-08-03,3490,創新高,27.7
2026-08-03,3504,創新高,68.5
2026-08-03,3508,創新高,16.0
2026-08-03,3512,創新高,19.6
2026-08-03,3520,創新高,18.45
2026-08-03,3529,創新高,2475.0
2026-08-03,3543,創新高,33.05
2026-08-03,3545,創新高,48.95
2026-08-03,3570,創新高,164.5
2026-08-03,3597,創新高,26.2
2026-08-03,3617,創新高,216.0
2026-08-03,3646,創新高,23.1
2026-08-03,3664,創新高,6.16
2026-08-03,3666,創新高,25.15
2026-08-03,3713,創新高,14.55
2026-08-03,3717,創新高,22.1
2026-08-03,4116,創新高,38.65
2026-08-03,4120,創新高,47.35
2026-08-03,4137,創新高,96.1
2026-08-03,4138,創新高,51.1
2026-08-03,4153,創新高,31.7
2026-08-03,4160,創新高,39.9
2026-08-03,4161,創新高,22.4
2026-08-03,4163,創新高,125.5
2026-08-03,4192,創新高,19.5
2026-08-03,4207,創新高,19.65
2026-08-03,4305,創新高,41.55
2026-08-03,4406,創新高,10.3
2026-08-03,4419,創新高,45.2
2026-08-03,4430,創新高,17.5
2026-08-03,4439,創新高,102.0
2026-08-03,4440,創新高,17.55
2026-08-03,4442,創新高,72.6
2026-08-03,4506,創新高,123.0
2026-08-03,4523,創新高,25.1
2026-08-03,4535,創新高,28.1
2026-08-03,4538,創新高,17.35
2026-08-03,4569,創新高,157.0
2026-08-03,4572,創新高,143.5
2026-08-03,4580,創新高,81.2
2026-08-03,4584,創新高,38.4
2026-08-03,4609,創新高,5.31
2026-08-03,4728,創新高,383.0
2026-08-03,4744,創新高,30.05
2026-08-03,4804,創新高,3.27
2026-08-03,4806,創新高,10.05
2026-08-03,4905,創新高,66.5
2026-08-03,4907,創新高,42.4
2026-08-03,4915,創新高,65.4
2026-08-03,4924,創新高,10.0
2026-08-03,4943,創新高,8.84
2026-08-03,4967,創新高,233.5
2026-08-03,4972,創新高,16.5
2026-08-03,5013,創新高,25.65
2026-08-03,5206,創新高,20.4
2026-08-03,5209,創新高,156.0
2026-08-03,5215,創新高,39.0
2026-08-03,5276,創新高,19.0
2026-08-03,5278,創新高,24.0
2026-08-03,5283,創新高,54.8
2026-08-03,5299,創新高,104.0
2026-08-03,5310,創新高,25.6
2026-08-03,5315,創新高,19.3
2026-08-03,5364,創新高,8.77
2026-08-03,5410,創新高,35.0
2026-08-03,5460,創新高,16.0
2026-08-03,5487,創新高,28.9
2026-08-03,5514,創新高,14.0
2026-08-03,5516,創新高,10.85
2026-08-03,5519,創新高,28.2
2026-08-03,5523,創新高,30.4
2026-08-03,5525,創新高,23.0
2026-08-03,5538,創新高,34.2
2026-08-03,5547,創新高,20.4
2026-08-03,5607,創新高,47.95
2026-08-03,5704,創新高,21.9
2026-08-03,5876,創新高,45.45
2026-08-03,5880,創新高,27.6
2026-08-03,5903,創新高,189.5
2026-08-03,5904,創新高,72.0
2026-08-03,5906,創新高,41.25
2026-08-03,5907,創新高,4.95
2026-08-03,6020,創新高,21.45
2026-08-03,6023,創新高,87.6
2026-08-03,6024,創新高,58.3
2026-08-03,6120,創新高,12.65
2026-08-03,6122,創新高,46.9
2026-08-03,6128,創新高,20.25
2026-08-03,6136,創新高,24.5
2026-08-03,6146,創新高,192.5
2026-08-03,6150,創新高,55.9
2026-08-03,6171,創新高,23.7
2026-08-03,6183,創新高,93.6
2026-08-03,6199,創新高,99.9
2026-08-03,6201,創新高,48.95
2026-08-03,6202,創新高,53.4
2026-08-03,6206,創新高,125.0
2026-08-03,6212,創新高,29.2
2026-08-03,6214,創新高,154.0
2026-08-03,6222,創新高,20.65
2026-08-03,6236,創新高,17.05
2026-08-03,6241,創新高,16.75
2026-08-03,6276,創新高,19.95
2026-08-03,6277,創新高,80.2
2026-08-03,6279,創新高,116.0
2026-08-03,6292,創新高,53.7
2026-08-03,6423,創新高,71.5
2026-08-03,6432,創新高,77.3
2026-08-03,6464,創新高,79.5
2026-08-03,6494,創新高,49.15
2026-08-03,6533,創新高,222.0
2026-08-03,6534,創新高,94.5
2026-08-03,6538,創新高,138.0
2026-08-03,6561,創新高,330.5
2026-08-03,6570,創新高,50.5
2026-08-03,6578,創新高,16.5
2026-08-03,6581,創新高,109.0
2026-08-03,6582,創新高,32.15
2026-08-03,6592,創新高,61.4
2026-08-03,6596,創新高,88.0
2026-08-03,6603,創新高,26.15
2026-08-03,6605,創新高,134.0
2026-08-03,6606,創新高,26.0
2026-08-03,6612,創新高,70.1
2026-08-03,6615,創新高,34.0
2026-08-03,6616,創新高,9.02
2026-08-03,6655,創新高,120.0
2026-08-03,6662,創新高,31.2
2026-08-03,6708,創新高,39.0
2026-08-03,6730,創新高,34.45
2026-08-03,6741,創新高,55.3
2026-08-03,6742,創新高,43.2
2026-08-03,6757,創新高,57.4
2026-08-03,6767,創新高,24.95
2026-08-03,6776,創新高,54.6
2026-08-03,6782,創新高,184.5
2026-08-03,6792,創新高,55.1
2026-08-03,6794,創新高,77.4
2026-08-03,6807,創新高,35.2
2026-08-03,6855,創新高,117.0
2026-08-03,6859,創新高,99.1
2026-08-03,6863,創新高,133.5
2026-08-03,6902,創新高,121.0
2026-08-03,6913,創新高,124.5
2026-08-03,6914,創新高,147.5
2026-08-03,6924,創新高,103.0
2026-08-03,6929,創新高,23.3
2026-08-03,6952,創新高,35.65
2026-08-03,6958,創新高,18.8
2026-08-03,6965,創新高,79.2
2026-08-03,7704,創新高,54.3
2026-08-03,7705,創新高,30.4
2026-08-03,7708,創新高,89.8
2026-08-03,7715,創新高,31.35
2026-08-03,7760,創新高,34.0
2026-08-03,7769,創新高,6180.0
2026-08-03,7786,創新高,126.5
2026-08-03,7805,創新高,606.0
2026-08-03,7827,創新高,142.5
2026-08-03,7839,創新高,45.55
2026-08-03,8011,創新高,16.45
2026-08-03,8049,創新高,25.8
2026-08-03,8067,創新高,13.35
2026-08-03,8069,創新高,189.0
2026-08-03,8080,創新高,29.5
2026-08-03,8083,創新高,161.5
2026-08-03,8084,創新高,43.55
2026-08-03,8092,創新高,14.0
2026-08-03,8093,創新高,20.15
2026-08-03,8101,創新高,12.8
2026-08-03,8271,創新高,223.0
2026-08-03,8284,創新高,62.7
2026-08-03,8354,創新高,15.85
2026-08-03,8367,創新高,40.65
2026-08-03,8411,創新高,13.3
2026-08-03,8423,創新高,17.55
2026-08-03,8426,創新高,21.0
2026-08-03,8435,創新高,52.7
2026-08-03,8444,創新高,5.44
2026-08-03,8467,創新高,100.0
2026-08-03,8477,創新高,15.9
2026-08-03,8482,創新高,53.0
2026-08-03,8905,創新高,30.45
2026-08-03,8908,創新高,39.95
2026-08-03,8916,創新高,42.85
2026-08-03,8921,創新高,17.65
2026-08-03,8931,創新高,41.4
2026-08-03,9110,創新高,3.28
2026-08-03,9912,創新高,12.8
2026-08-03,9928,創新高,18.2
2026-08-03,9935,創新高,19.65
2026-08-03,9937,創新高,56.2
2026-08-03,9944,創新高,17.75
2026-08-03,9945,創新高,27.05
2026-08-03,9946,創新高,18.05
2026-08-03,1734,創高量縮,31.7
2026-08-03,2206,創高量縮,64.8
2026-08-03,2347,創高量縮,93.7
2026-08-03,2618,創高量縮,43.3
2026-08-03,2727,創高量縮,234.5
2026-08-03,2801,創高量縮,25.2
2026-08-03,2850,創高量縮,161.0
2026-08-03,2867,創高量縮,9.9
2026-08-03,2890,創高量縮,40.6
2026-08-03,4442,創高量縮,72.6
2026-08-03,5876,創高量縮,45.45
2026-08-03,5880,創高量縮,27.6
2026-08-03,6024,創高量縮,58.3
2026-08-03,6214,創高量縮,154.0
2026-08-03,6277,創高量縮,80.2
2026-08-03,0055,強勢股,44.69
2026-08-03,00660,強勢股,47.04
2026-08-03,00731,強勢股,90.2
2026-08-03,00907,強勢股,16.81
2026-08-03,00908,強勢股,15.84
2026-08-03,00917,強勢股,24.09
2026-08-03,00918,強勢股,32.97
2026-08-03,00939,強勢股,22.07
2026-08-03,00949,強勢股,21.49
2026-08-03,00956,強勢股,13.13
2026-08-03,00961,強勢股,12.95
2026-08-03,1203,強勢股,48.95
2026-08-03,1268,強勢股,172.5
2026-08-03,1468,強勢股,14.05
2026-08-03,1525,強勢股,68.4
2026-08-03,1526,強勢股,18.15
2026-08-03,1742,強勢股,17.9
2026-08-03,1808,強勢股,33.0
2026-08-03,1907,強勢股,29.05
2026-08-03,2006,強勢股,74.6
2026-08-03,2008,強勢股,30.95
2026-08-03,2206,強勢股,64.8
2026-08-03,2207,強勢股,558.0
2026-08-03,2247,強勢股,230.0
2026-08-03,2347,強勢股,93.7
2026-08-03,2357,強勢股,810.0
2026-08-03,2395,強勢股,563.0
2026-08-03,2511,強勢股,8.6
2026-08-03,2540,強勢股,61.0
2026-08-03,2546,強勢股,101.5
2026-08-03,2610,強勢股,22.4
2026-08-03,2615,強勢股,84.7
2026-08-03,2618,強勢股,43.3
2026-08-03,2704,強勢股,47.95
2026-08-03,2762,強勢股,89.6
2026-08-03,2801,強勢股,25.2
2026-08-03,2832,強勢股,59.4
2026-08-03,2834,強勢股,18.2
2026-08-03,2849,強勢股,15.4
2026-08-03,2850,強勢股,161.0
2026-08-03,2867,強勢股,9.9
2026-08-03,2880,強勢股,43.7
2026-08-03,2881,強勢股,130.0
2026-08-03,2882,強勢股,101.5
2026-08-03,2884,強勢股,38.65
2026-08-03,2886,強勢股,53.1
2026-08-03,2890,強勢股,40.6
2026-08-03,2892,強勢股,36.75
2026-08-03,2905,強勢股,17.1
2026-08-03,2910,強勢股,25.7
2026-08-03,2915,強勢股,52.2
2026-08-03,3034,強勢股,519.0
2026-08-03,3226,強勢股,49.4
2026-08-03,3288,強勢股,25.7
2026-08-03,3441,強勢股,84.0
2026-08-03,3489,強勢股,22.1
2026-08-03,3520,強勢股,18.45
2026-08-03,3523,強勢股,16.4
2026-08-03,3685,強勢股,36.35
2026-08-03,4139,強勢股,38.0
2026-08-03,4153,強勢股,31.7
2026-08-03,4442,強勢股,72.6
2026-08-03,4907,強勢股,42.4
2026-08-03,5455,強勢股,28.3
2026-08-03,5490,強勢股,33.05
2026-08-03,5515,強勢股,42.9
2026-08-03,5876,強勢股,45.45
2026-08-03,5880,強勢股,27.6
2026-08-03,5904,強勢股,72.0
2026-08-03,6195,強勢股,26.9
2026-08-03,6214,強勢股,154.0
2026-08-03,6243,強勢股,50.7
2026-08-03,6277,強勢股,80.2
2026-08-03,6432,強勢股,77.3
2026-08-03,6598,強勢股,30.1
2026-08-03,6606,強勢股,26.0
2026-08-03,6666,強勢股,44.75
2026-08-03,6863,強勢股,133.5
2026-08-03,8462,強勢股,168.5
2026-08-03,8482,強勢股,53.0
2026-08-03,9935,強勢股,19.65
2026-08-03,9945,強勢股,27.05
2026-08-03,2006,盤整突破-原始版,74.6
2026-08-03,2511,盤整突破-原始版,8.6
2026-08-03,2801,盤整突破-原始版,25.2
2026-08-03,2882,盤整突破-原始版,101.5
2026-08-03,2890,盤整突破-原始版,40.6
2026-08-03,1808,盤整突破-寬鬆版,33.0
2026-08-03,2006,盤整突破-寬鬆版,74.6
2026-08-03,2347,盤整突破-寬鬆版,93.7
2026-08-03,2511,盤整突破-寬鬆版,8.6
2026-08-03,2801,盤整突破-寬鬆版,25.2
2026-08-03,2850,盤整突破-寬鬆版,161.0
2026-08-03,2880,盤整突破-寬鬆版,43.7
2026-08-03,2882,盤整突破-寬鬆版,101.5
2026-08-03,2890,盤整突破-寬鬆版,40.6
2026-08-03,2892,盤整突破-寬鬆版,36.75
2026-08-03,2905,盤整突破-寬鬆版,17.1
2026-08-03,3029,盤整突破-寬鬆版,109.5
2026-08-03,3293,盤整突破-寬鬆版,776.0
2026-08-03,5880,盤整突破-寬鬆版,27.6
2026-08-03,6214,盤整突破-寬鬆版,154.0
2026-08-03,6757,盤整突破-寬鬆版,57.4
2026-08-04,2006,Minervini,82.5
2026-08-04,2027,Minervini,44.25
2026-08-04,2347,Minervini,93.8
2026-08-04,2395,Minervini,576.0
2026-08-04,2801,Minervini,25.2
2026-08-04,2832,Minervini,58.8
2026-08-04,2867,Minervini,9.76
2026-08-04,2880,Minervini,43.25
2026-08-04,2881,Minervini,128.5
2026-08-04,2882,Minervini,99.2
2026-08-04,2884,Minervini,38.0
2026-08-04,2885,Minervini,69.0
2026-08-04,2890,Minervini,39.6
2026-08-04,3034,Minervini,524.0
2026-08-04,6214,Minervini,150.0
2026-08-04,6243,Minervini,50.5
2026-08-04,6598,Minervini,31.5
2026-08-04,1110,VCP-廣義VCP,15.9
2026-08-04,1203,VCP-廣義VCP,48.45
2026-08-04,1236,VCP-廣義VCP,24.85
2026-08-04,1342,VCP-廣義VCP,100.0
2026-08-04,1437,VCP-廣義VCP,30.85
2026-08-04,1438,VCP-廣義VCP,22.7
2026-08-04,1451,VCP-廣義VCP,17.55
2026-08-04,1475,VCP-廣義VCP,27.0
2026-08-04,1525,VCP-廣義VCP,68.2
2026-08-04,1526,VCP-廣義VCP,17.8
2026-08-04,1598,VCP-廣義VCP,20.45
2026-08-04,1709,VCP-廣義VCP,25.2
2026-08-04,1777,VCP-廣義VCP,72.1
2026-08-04,2206,VCP-廣義VCP,60.1
2026-08-04,2247,VCP-廣義VCP,224.0
2026-08-04,2530,VCP-廣義VCP,19.25
2026-08-04,2540,VCP-廣義VCP,55.8
2026-08-04,2546,VCP-廣義VCP,99.9
2026-08-04,2603,VCP-廣義VCP,206.0
2026-08-04,2762,VCP-廣義VCP,84.7
2026-08-04,2849,VCP-廣義VCP,14.65
2026-08-04,2892,VCP-廣義VCP,35.3
2026-08-04,2905,VCP-廣義VCP,16.35
2026-08-04,2910,VCP-廣義VCP,25.35
2026-08-04,2915,VCP-廣義VCP,51.8
2026-08-04,3056,VCP-廣義VCP,14.0
2026-08-04,3285,VCP-廣義VCP,37.1
2026-08-04,3704,VCP-廣義VCP,45.9
2026-08-04,4305,VCP-廣義VCP,41.65
2026-08-04,4402,VCP-廣義VCP,16.1
2026-08-04,5258,VCP-廣義VCP,54.4
2026-08-04,5434,VCP-廣義VCP,509.0
2026-08-04,5515,VCP-廣義VCP,42.25
2026-08-04,5876,VCP-廣義VCP,44.15
2026-08-04,5880,VCP-廣義VCP,26.55
2026-08-04,6534,VCP-廣義VCP,94.5
2026-08-04,6680,VCP-廣義VCP,52.0
2026-08-04,6933,VCP-廣義VCP,169.0
2026-08-04,8482,VCP-廣義VCP,48.8
2026-08-04,9934,VCP-廣義VCP,10.7
2026-08-04,9946,VCP-廣義VCP,17.9
2026-08-04,1402,VCP-強勢VCP,27.15
2026-08-04,1414,VCP-強勢VCP,19.8
2026-08-04,1439,VCP-強勢VCP,28.5
2026-08-04,1470,VCP-強勢VCP,23.3
2026-08-04,1733,VCP-強勢VCP,32.25
2026-08-04,2027,VCP-強勢VCP,44.25
2026-08-04,2364,VCP-強勢VCP,70.9
2026-08-04,2542,VCP-強勢VCP,44.15
2026-08-04,2615,VCP-強勢VCP,86.1
2026-08-04,2885,VCP-強勢VCP,69.0
2026-08-04,4938,VCP-強勢VCP,88.4
2026-08-04,6969,VCP-強勢VCP,34.45
2026-08-04,9935,VCP-強勢VCP,19.75
2026-08-04,9939,VCP-強勢VCP,131.0
2026-08-04,0051,創新高,135.9
2026-08-04,0053,創新高,226.8
2026-08-04,0056,創新高,50.6
2026-08-04,00639,創新高,16.95
2026-08-04,00646,創新高,77.7
2026-08-04,00652,創新高,34.41
2026-08-04,00660,創新高,47.11
2026-08-04,00662,創新高,120.35
2026-08-04,00668,創新高,63.05
2026-08-04,00690,創新高,73.45
2026-08-04,00703,創新高,20.39
2026-08-04,00717,創新高,15.01
2026-08-04,00730,創新高,28.4
2026-08-04,00733,創新高,61.45
2026-08-04,00736,創新高,31.6
2026-08-04,00737,創新高,39.9
2026-08-04,00757,創新高,137.4
2026-08-04,00762,創新高,111.0
2026-08-04,00770,創新高,67.85
2026-08-04,00783,創新高,27.81
2026-08-04,00850,創新高,86.15
2026-08-04,00851,創新高,70.0
2026-08-04,00858,創新高,36.09
2026-08-04,00875,創新高,53.65
2026-08-04,00876,創新高,84.95
2026-08-04,00877,創新高,35.93
2026-08-04,00878,創新高,32.57
2026-08-04,00881,創新高,50.9
2026-08-04,00885,創新高,18.38
2026-08-04,00886,創新高,45.42
2026-08-04,00888,創新高,31.38
2026-08-04,00891,創新高,33.86
2026-08-04,00892,創新高,38.91
2026-08-04,00893,創新高,43.11
2026-08-04,00894,創新高,45.36
2026-08-04,00895,創新高,49.25
2026-08-04,00896,創新高,26.12
2026-08-04,00899,創新高,23.8
2026-08-04,00900,創新高,18.38
2026-08-04,00901,創新高,42.92
2026-08-04,00902,創新高,12.92
2026-08-04,00903,創新高,21.08
2026-08-04,00904,創新高,38.13
2026-08-04,00905,創新高,24.69
2026-08-04,00908,創新高,15.82
2026-08-04,00909,創新高,45.62
2026-08-04,00910,創新高,59.0
2026-08-04,00912,創新高,32.05
2026-08-04,00913,創新高,45.88
2026-08-04,00916,創新高,27.2
2026-08-04,00917,創新高,24.26
2026-08-04,00918,創新高,33.25
2026-08-04,00919,創新高,29.51
2026-08-04,00920,創新高,24.12
2026-08-04,00921,創新高,22.99
2026-08-04,00924,創新高,33.5
2026-08-04,00926,創新高,26.32
2026-08-04,00927,創新高,35.02
2026-08-04,00928,創新高,30.02
2026-08-04,00929,創新高,28.15
2026-08-04,00932,創新高,17.16
2026-08-04,00934,創新高,27.78
2026-08-04,00935,創新高,54.05
2026-08-04,00936,創新高,20.94
2026-08-04,00940,創新高,12.23
2026-08-04,00943,創新高,21.23
2026-08-04,00944,創新高,20.25
2026-08-04,00946,創新高,14.68
2026-08-04,00947,創新高,33.35
2026-08-04,00951,創新高,17.65
2026-08-04,00952,創新高,17.69
2026-08-04,00954,創新高,18.84
2026-08-04,00960,創新高,19.04
2026-08-04,00961,創新高,13.03
2026-08-04,00962,創新高,14.66
2026-08-04,00963,創新高,13.47
2026-08-04,00964,創新高,13.87
2026-08-04,00965,創新高,26.01
2026-08-04,00971,創新高,17.57
2026-08-04,1213,創新高,7.5
2026-08-04,1220,創新高,11.25
2026-08-04,1233,創新高,29.0
2026-08-04,1236,創新高,24.85
2026-08-04,1256,創新高,185.5
2026-08-04,1268,創新高,172.0
2026-08-04,1294,創新高,56.2
2026-08-04,1295,創新高,46.6
2026-08-04,1303,創新高,170.5
2026-08-04,1304,創新高,11.4
2026-08-04,1305,創新高,11.15
2026-08-04,1307,創新高,31.75
2026-08-04,1308,創新高,12.75
2026-08-04,1309,創新高,12.7
2026-08-04,1312,創新高,11.6
2026-08-04,1313,創新高,10.7
2026-08-04,1314,創新高,7.65
2026-08-04,1316,創新高,10.05
2026-08-04,1319,創新高,72.0
2026-08-04,1336,創新高,15.2
2026-08-04,1337,創新高,4.65
2026-08-04,1339,創新高,44.4
2026-08-04,1409,創新高,22.6
2026-08-04,1414,創新高,19.8
2026-08-04,1439,創新高,28.5
2026-08-04,1440,創新高,12.3
2026-08-04,1449,創新高,12.25
2026-08-04,1451,創新高,17.55
2026-08-04,1453,創新高,11.2
2026-08-04,1454,創新高,13.0
2026-08-04,1455,創新高,8.73
2026-08-04,1457,創新高,14.3
2026-08-04,1471,創新高,9.5
2026-08-04,1472,創新高,89.5
2026-08-04,1474,創新高,10.0
2026-08-04,1476,創新高,354.5
2026-08-04,1477,創新高,222.0
2026-08-04,1503,創新高,195.0
2026-08-04,1504,創新高,65.4
2026-08-04,1513,創新高,159.0
2026-08-04,1514,創新高,99.9
2026-08-04,1516,創新高,16.05
2026-08-04,1519,創新高,713.0
2026-08-04,1522,創新高,28.25
2026-08-04,1524,創新高,26.45
2026-08-04,1527,創新高,32.5
2026-08-04,1528,創新高,18.15
2026-08-04,1536,創新高,50.2
2026-08-04,1538,創新高,10.2
2026-08-04,1540,創新高,20.15
2026-08-04,1541,創新高,22.3
2026-08-04,1558,創新高,91.7
2026-08-04,1560,創新高,675.0
2026-08-04,1563,創新高,57.1
2026-08-04,1565,創新高,92.6
2026-08-04,1568,創新高,27.9
2026-08-04,1569,創新高,41.6
2026-08-04,1570,創新高,33.65
2026-08-04,1582,創新高,70.5
2026-08-04,1584,創新高,17.3
2026-08-04,1589,創新高,5.54
2026-08-04,1590,創新高,1425.0
2026-08-04,1593,創新高,30.1
2026-08-04,1595,創新高,60.5
2026-08-04,1597,創新高,131.0
2026-08-04,1605,創新高,33.75
2026-08-04,1608,創新高,34.25
2026-08-04,1609,創新高,35.35
2026-08-04,1611,創新高,12.0
2026-08-04,1615,創新高,42.3
2026-08-04,1616,創新高,19.4
2026-08-04,1617,創新高,18.25
2026-08-04,1618,創新高,38.85
2026-08-04,1708,創新高,49.7
2026-08-04,1709,創新高,25.2
2026-08-04,1710,創新高,13.5
2026-08-04,1711,創新高,34.25
2026-08-04,1714,創新高,14.55
2026-08-04,1717,創新高,63.6
2026-08-04,1718,創新高,9.99
2026-08-04,1721,創新高,20.1
2026-08-04,1725,創新高,29.85
2026-08-04,1727,創新高,72.4
2026-08-04,1730,創新高,51.2
2026-08-04,1732,創新高,26.5
2026-08-04,1735,創新高,19.8
2026-08-04,1752,創新高,31.8
2026-08-04,1773,創新高,155.0
2026-08-04,1777,創新高,72.1
2026-08-04,1781,創新高,11.6
2026-08-04,1783,創新高,39.95
2026-08-04,1784,創新高,58.1
2026-08-04,1785,創新高,111.0
2026-08-04,1786,創新高,50.4
2026-08-04,1788,創新高,130.0
2026-08-04,1796,創新高,31.55
2026-08-04,1802,創新高,52.3
2026-08-04,1809,創新高,37.7
2026-08-04,1810,創新高,24.9
2026-08-04,1815,創新高,80.1
2026-08-04,1904,創新高,21.35
2026-08-04,1905,創新高,13.15
2026-08-04,1906,創新高,11.15
2026-08-04,1907,創新高,29.5
2026-08-04,1909,創新高,10.1
2026-08-04,2006,創新高,82.5
2026-08-04,2009,創新高,37.55
2026-08-04,2014,創新高,16.75
2026-08-04,2022,創新高,7.57
2026-08-04,2030,創新高,17.1
2026-08-04,2032,創新高,15.6
2026-08-04,2033,創新高,15.75
2026-08-04,2034,創新高,18.6
2026-08-04,2035,創新高,27.15
2026-08-04,2038,創新高,12.25
2026-08-04,2049,創新高,332.0
2026-08-04,2059,創新高,9495.0
2026-08-04,2062,創新高,19.25
2026-08-04,2063,創新高,23.7
2026-08-04,2065,創新高,31.75
2026-08-04,2066,創新高,60.9
2026-08-04,2069,創新高,18.55
2026-08-04,2070,創新高,48.2
2026-08-04,2072,創新高,163.5
2026-08-04,2101,創新高,33.7
2026-08-04,2103,創新高,21.8
2026-08-04,2106,創新高,18.25
2026-08-04,2108,創新高,27.45
2026-08-04,2114,創新高,87.9
2026-08-04,2115,創新高,21.85
2026-08-04,2208,創新高,19.0
2026-08-04,2221,創新高,44.5
2026-08-04,2228,創新高,79.0
2026-08-04,2230,創新高,24.25
2026-08-04,2233,創新高,204.0
2026-08-04,2235,創新高,27.95
2026-08-04,2236,創新高,137.0
2026-08-04,2241,創新高,34.6
2026-08-04,2250,創新高,57.6
2026-08-04,2301,創新高,252.0
2026-08-04,2302,創新高,41.9
2026-08-04,2305,創新高,32.6
2026-08-04,2312,創新高,32.3
2026-08-04,2313,創新高,198.5
2026-08-04,2314,創新高,12.05
2026-08-04,2316,創新高,152.5
2026-08-04,2321,創新高,15.0
2026-08-04,2323,創新高,10.3
2026-08-04,2324,創新高,37.0
2026-08-04,2327,創新高,566.0
2026-08-04,2328,創新高,42.85
2026-08-04,2329,創新高,43.25
2026-08-04,2331,創新高,19.3
2026-08-04,2337,創新高,120.0
2026-08-04,2338,創新高,38.9
2026-08-04,2340,創新高,31.7
2026-08-04,2342,創新高,36.7
2026-08-04,2344,創新高,157.0
2026-08-04,2347,創新高,93.8
2026-08-04,2349,創新高,10.8
2026-08-04,2351,創新高,165.5
2026-08-04,2352,創新高,28.9
2026-08-04,2353,創新高,29.05
2026-08-04,2355,創新高,39.5
2026-08-04,2356,創新高,66.0
2026-08-04,2362,創新高,44.7
2026-08-04,2363,創新高,51.4
2026-08-04,2364,創新高,70.9
2026-08-04,2365,創新高,29.55
2026-08-04,2367,創新高,40.45
2026-08-04,2368,創新高,897.0
2026-08-04,2369,創新高,33.2
2026-08-04,2371,創新高,25.25
2026-08-04,2374,創新高,67.4
2026-08-04,2375,創新高,122.0
2026-08-04,2376,創新高,332.0
2026-08-04,2377,創新高,149.5
2026-08-04,2383,創新高,5140.0
2026-08-04,2388,創新高,80.3
2026-08-04,2390,創新高,10.35
2026-08-04,2392,創新高,34.85
2026-08-04,2395,創新高,576.0
2026-08-04,2397,創新高,57.3
2026-08-04,2399,創新高,39.85
2026-08-04,2401,創新高,27.15
2026-08-04,2402,創新高,53.8
2026-08-04,2404,創新高,1110.0
2026-08-04,2405,創新高,16.2
2026-08-04,2406,創新高,31.3
2026-08-04,2408,創新高,436.0
2026-08-04,2409,創新高,24.45
2026-08-04,2413,創新高,39.95
2026-08-04,2414,創新高,59.6
2026-08-04,2415,創新高,31.0
2026-08-04,2417,創新高,40.9
2026-08-04,2419,創新高,24.45
2026-08-04,2420,創新高,54.3
2026-08-04,2423,創新高,72.5
2026-08-04,2424,創新高,8.18
2026-08-04,2425,創新高,50.2
2026-08-04,2426,創新高,60.8
2026-08-04,2427,創新高,23.05
2026-08-04,2428,創新高,226.0
2026-08-04,2431,創新高,10.5
2026-08-04,2434,創新高,54.7
2026-08-04,2436,創新高,59.0
2026-08-04,2439,創新高,81.2
2026-08-04,2441,創新高,119.5
2026-08-04,2449,創新高,245.5
2026-08-04,2455,創新高,353.0
2026-08-04,2457,創新高,23.0
2026-08-04,2458,創新高,157.5
2026-08-04,2460,創新高,30.5
2026-08-04,2461,創新高,16.85
2026-08-04,2462,創新高,19.8
2026-08-04,2464,創新高,162.0
2026-08-04,2465,創新高,78.0
2026-08-04,2467,創新高,503.0
2026-08-04,2468,創新高,33.25
2026-08-04,2471,創新高,48.7
2026-08-04,2472,創新高,236.0
2026-08-04,2476,創新高,119.0
2026-08-04,2478,創新高,121.5
2026-08-04,2481,創新高,130.0
2026-08-04,2483,創新高,39.6
2026-08-04,2484,創新高,69.9
2026-08-04,2485,創新高,40.8
2026-08-04,2486,創新高,221.0
2026-08-04,2489,創新高,30.1
2026-08-04,2491,創新高,26.45
2026-08-04,2492,創新高,259.5
2026-08-04,2493,創新高,220.0
2026-08-04,2495,創新高,37.5
2026-08-04,2496,創新高,59.9
2026-08-04,2497,創新高,46.25
2026-08-04,2498,創新高,40.1
2026-08-04,2509,創新高,13.25
2026-08-04,2543,創新高,36.65
2026-08-04,2596,創新高,30.65
2026-08-04,2601,創新高,6.26
2026-08-04,2605,創新高,31.25
2026-08-04,2606,創新高,63.4
2026-08-04,2609,創新高,51.0
2026-08-04,2610,創新高,22.45
2026-08-04,2612,創新高,53.2
2026-08-04,2613,創新高,20.15
2026-08-04,2614,創新高,18.2
2026-08-04,2615,創新高,86.1
2026-08-04,2618,創新高,43.8
2026-08-04,2630,創新高,48.95
2026-08-04,2637,創新高,83.9
2026-08-04,2641,創新高,17.05
2026-08-04,2642,創新高,20.25
2026-08-04,2643,創新高,62.4
2026-08-04,2645,創新高,188.0
2026-08-04,2718,創新高,44.1
2026-08-04,2722,創新高,22.2
2026-08-04,2729,創新高,162.0
2026-08-04,2734,創新高,14.65
2026-08-04,2736,創新高,11.65
2026-08-04,2751,創新高,51.7
2026-08-04,2754,創新高,71.4
2026-08-04,2755,創新高,103.0
2026-08-04,2834,創新高,16.9
2026-08-04,2851,創新高,34.7
2026-08-04,2855,創新高,44.75
2026-08-04,2885,創新高,69.0
2026-08-04,2891,創新高,64.8
2026-08-04,2901,創新高,24.3
2026-08-04,2916,創新高,40.1
2026-08-04,2926,創新高,30.75
2026-08-04,2945,創新高,41.45
2026-08-04,2947,創新高,62.0
2026-08-04,2949,創新高,59.5
2026-08-04,3002,創新高,16.35
2026-08-04,3003,創新高,57.8
2026-08-04,3006,創新高,217.5
2026-08-04,3008,創新高,4355.0
2026-08-04,3010,創新高,117.0
2026-08-04,3013,創新高,82.5
2026-08-04,3014,創新高,128.0
2026-08-04,3015,創新高,56.3
2026-08-04,3016,創新高,94.8
2026-08-04,3017,創新高,2600.0
2026-08-04,3021,創新高,21.3
2026-08-04,3023,創新高,299.5
2026-08-04,3024,創新高,12.4
2026-08-04,3025,創新高,54.9
2026-08-04,3026,創新高,498.0
2026-08-04,3028,創新高,67.7
2026-08-04,3030,創新高,296.5
2026-08-04,3031,創新高,22.5
2026-08-04,3032,創新高,79.2
2026-08-04,3033,創新高,48.2
2026-08-04,3034,創新高,524.0
2026-08-04,3036,創新高,212.5
2026-08-04,3037,創新高,924.0
2026-08-04,3038,創新高,20.85
2026-08-04,3040,創新高,35.8
2026-08-04,3041,創新高,22.25
2026-08-04,3042,創新高,169.5
2026-08-04,3043,創新高,19.7
2026-08-04,3044,創新高,392.0
2026-08-04,3046,創新高,53.2
2026-08-04,3047,創新高,14.5
2026-08-04,3048,創新高,55.8
2026-08-04,3049,創新高,10.2
2026-08-04,3050,創新高,11.25
2026-08-04,3051,創新高,21.9
2026-08-04,3052,創新高,10.55
2026-08-04,3054,創新高,49.3
2026-08-04,3056,創新高,14.0
2026-08-04,3059,創新高,38.95
2026-08-04,3060,創新高,28.8
2026-08-04,3062,創新高,20.15
2026-08-04,3064,創新高,19.6
2026-08-04,3066,創新高,22.25
2026-08-04,3067,創新高,18.55
2026-08-04,3071,創新高,26.15
2026-08-04,3073,創新高,21.8
2026-08-04,3078,創新高,52.9
2026-08-04,3081,創新高,1965.0
2026-08-04,3086,創新高,28.05
2026-08-04,3090,創新高,144.0
2026-08-04,3092,創新高,23.1
2026-08-04,3093,創新高,45.85
2026-08-04,3094,創新高,35.4
2026-08-04,3095,創新高,37.3
2026-08-04,3105,創新高,342.0
2026-08-04,3114,創新高,31.3
2026-08-04,3118,創新高,31.75
2026-08-04,3122,創新高,25.2
2026-08-04,3128,創新高,21.75
2026-08-04,3131,創新高,2540.0
2026-08-04,3135,創新高,165.5
2026-08-04,3138,創新高,94.3
2026-08-04,3141,創新高,71.8
2026-08-04,3147,創新高,247.0
2026-08-04,3150,創新高,16.2
2026-08-04,3152,創新高,242.0
2026-08-04,3158,創新高,83.0
2026-08-04,3162,創新高,63.1
2026-08-04,3163,創新高,657.0
2026-08-04,3167,創新高,587.0
2026-08-04,3169,創新高,101.0
2026-08-04,3178,創新高,57.0
2026-08-04,3188,創新高,23.1
2026-08-04,3189,創新高,767.0
2026-08-04,3191,創新高,18.75
2026-08-04,3206,創新高,33.15
2026-08-04,3207,創新高,41.35
2026-08-04,3209,創新高,58.1
2026-08-04,3211,創新高,325.0
2026-08-04,3213,創新高,129.0
2026-08-04,3218,創新高,136.0
2026-08-04,3219,創新高,62.3
2026-08-04,3221,創新高,47.0
2026-08-04,3226,創新高,51.1
2026-08-04,3227,創新高,205.5
2026-08-04,3228,創新高,145.0
2026-08-04,3229,創新高,47.75
2026-08-04,3230,創新高,40.2
2026-08-04,3231,創新高,195.0
2026-08-04,3232,創新高,19.75
2026-08-04,3234,創新高,113.0
2026-08-04,3236,創新高,43.0
2026-08-04,3260,創新高,398.5
2026-08-04,3264,創新高,193.5
2026-08-04,3265,創新高,155.5
2026-08-04,3284,創新高,20.75
2026-08-04,3285,創新高,37.1
2026-08-04,3287,創新高,29.9
2026-08-04,3289,創新高,145.0
2026-08-04,3290,創新高,53.2
2026-08-04,3293,創新高,774.0
2026-08-04,3294,創新高,30.3
2026-08-04,3296,創新高,23.1
2026-08-04,3297,創新高,26.25
2026-08-04,3305,創新高,109.5
2026-08-04,3306,創新高,43.3
2026-08-04,3308,創新高,19.95
2026-08-04,3310,創新高,67.2
2026-08-04,3312,創新高,48.6
2026-08-04,3313,創新高,10.3
2026-08-04,3317,創新高,68.0
2026-08-04,3322,創新高,11.25
2026-08-04,3323,創新高,28.95
2026-08-04,3324,創新高,944.0
2026-08-04,3325,創新高,12.05
2026-08-04,3332,創新高,63.8
2026-08-04,3338,創新高,64.3
2026-08-04,3339,創新高,37.4
2026-08-04,3346,創新高,19.85
2026-08-04,3349,創新高,22.9
2026-08-04,3354,創新高,20.15
2026-08-04,3357,創新高,206.0
2026-08-04,3360,創新高,16.5
2026-08-04,3362,創新高,179.5
2026-08-04,3363,創新高,563.0
2026-08-04,3372,創新高,15.5
2026-08-04,3373,創新高,16.25
2026-08-04,3374,創新高,309.5
2026-08-04,3376,創新高,179.5
2026-08-04,3379,創新高,26.1
2026-08-04,3380,創新高,29.25
2026-08-04,3388,創新高,73.2
2026-08-04,3390,創新高,22.8
2026-08-04,3406,創新高,502.0
2026-08-04,3413,創新高,321.5
2026-08-04,3416,創新高,178.0
2026-08-04,3430,創新高,108.0
2026-08-04,3434,創新高,30.0
2026-08-04,3437,創新高,17.45
2026-08-04,3438,創新高,57.0
2026-08-04,3444,創新高,67.6
2026-08-04,3447,創新高,27.4
2026-08-04,3450,創新高,432.0
2026-08-04,3455,創新高,182.5
2026-08-04,3465,創新高,30.5
2026-08-04,3467,創新高,44.95
2026-08-04,3481,創新高,47.8
2026-08-04,3483,創新高,73.9
2026-08-04,3484,創新高,51.2
2026-08-04,3485,創新高,206.5
2026-08-04,3489,創新高,25.65
2026-08-04,3490,創新高,28.4
2026-08-04,3491,創新高,1170.0
2026-08-04,3492,創新高,21.95
2026-08-04,3498,創新高,103.5
2026-08-04,3501,創新高,38.1
2026-08-04,3504,創新高,78.2
2026-08-04,3511,創新高,19.25
2026-08-04,3512,創新高,19.8
2026-08-04,3515,創新高,198.5
2026-08-04,3516,創新高,27.0
2026-08-04,3526,創新高,305.0
2026-08-04,3527,創新高,51.7
2026-08-04,3528,創新高,88.1
2026-08-04,3529,創新高,2575.0
2026-08-04,3530,創新高,54.4
2026-08-04,3533,創新高,2010.0
2026-08-04,3535,創新高,84.1
2026-08-04,3537,創新高,52.3
2026-08-04,3540,創新高,20.2
2026-08-04,3541,創新高,20.8
2026-08-04,3545,創新高,49.9
2026-08-04,3546,創新高,74.5
2026-08-04,3548,創新高,74.9
2026-08-04,3550,創新高,21.85
2026-08-04,3555,創新高,147.0
2026-08-04,3556,創新高,61.7
2026-08-04,3557,創新高,27.25
2026-08-04,3558,創新高,126.0
2026-08-04,3563,創新高,648.0
2026-08-04,3564,創新高,44.3
2026-08-04,3567,創新高,25.95
2026-08-04,3577,創新高,131.5
2026-08-04,3580,創新高,75.5
2026-08-04,3581,創新高,111.5
2026-08-04,3583,創新高,699.0
2026-08-04,3587,創新高,251.5
2026-08-04,3588,創新高,52.4
2026-08-04,3591,創新高,20.45
2026-08-04,3592,創新高,241.0
2026-08-04,3594,創新高,53.4
2026-08-04,3597,創新高,26.5
2026-08-04,3605,創新高,92.6
2026-08-04,3609,創新高,26.2
2026-08-04,3611,創新高,184.5
2026-08-04,3615,創新高,35.4
2026-08-04,3617,創新高,221.0
2026-08-04,3623,創新高,19.75
2026-08-04,3624,創新高,68.0
2026-08-04,3625,創新高,17.3
2026-08-04,3632,創新高,8.49
2026-08-04,3645,創新高,69.1
2026-08-04,3646,創新高,23.5
2026-08-04,3652,創新高,30.0
2026-08-04,3653,創新高,4145.0
2026-08-04,3661,創新高,3390.0
2026-08-04,3663,創新高,62.9
2026-08-04,3664,創新高,6.79
2026-08-04,3665,創新高,2300.0
2026-08-04,3673,創新高,59.9
2026-08-04,3675,創新高,252.5
2026-08-04,3680,創新高,430.0
2026-08-04,3684,創新高,49.5
2026-08-04,3687,創新高,65.8
2026-08-04,3689,創新高,103.5
2026-08-04,3691,創新高,114.0
2026-08-04,3693,創新高,498.5
2026-08-04,3694,創新高,55.2
2026-08-04,3701,創新高,39.1
2026-08-04,3702,創新高,117.5
2026-08-04,3704,創新高,45.9
2026-08-04,3706,創新高,91.3
2026-08-04,3707,創新高,59.8
2026-08-04,3708,創新高,94.4
2026-08-04,3709,創新高,74.7
2026-08-04,3712,創新高,18.75
2026-08-04,3714,創新高,53.7
2026-08-04,3715,創新高,104.5
2026-08-04,3717,創新高,23.15
2026-08-04,4105,創新高,76.5
2026-08-04,4106,創新高,23.75
2026-08-04,4107,創新高,114.0
2026-08-04,4109,創新高,11.3
2026-08-04,4111,創新高,30.05
2026-08-04,4116,創新高,39.4
2026-08-04,4121,創新高,12.9
2026-08-04,4123,創新高,38.95
2026-08-04,4127,創新高,77.2
2026-08-04,4128,創新高,14.65
2026-08-04,4138,創新高,51.2
2026-08-04,4139,創新高,39.0
2026-08-04,4142,創新高,16.9
2026-08-04,4147,創新高,57.6
2026-08-04,4148,創新高,30.9
2026-08-04,4153,創新高,32.0
2026-08-04,4157,創新高,8.33
2026-08-04,4167,創新高,17.95
2026-08-04,4168,創新高,22.7
2026-08-04,4173,創新高,17.75
2026-08-04,4175,創新高,50.0
2026-08-04,4188,創新高,9.89
2026-08-04,4190,創新高,25.3
2026-08-04,4192,創新高,19.6
2026-08-04,4207,創新高,19.95
2026-08-04,4303,創新高,43.9
2026-08-04,4401,創新高,13.9
2026-08-04,4413,創新高,14.25
2026-08-04,4417,創新高,43.1
2026-08-04,4419,創新高,45.2
2026-08-04,4430,創新高,17.85
2026-08-04,4432,創新高,16.1
2026-08-04,4433,創新高,19.5
2026-08-04,4441,創新高,178.5
2026-08-04,4510,創新高,37.0
2026-08-04,4513,創新高,17.75
2026-08-04,4523,創新高,25.4
2026-08-04,4526,創新高,29.75
2026-08-04,4527,創新高,39.35
2026-08-04,4532,創新高,24.1
2026-08-04,4533,創新高,24.35
2026-08-04,4534,創新高,34.0
2026-08-04,4535,創新高,28.25
2026-08-04,4540,創新高,50.0
2026-08-04,4541,創新高,62.8
2026-08-04,4542,創新高,279.0
2026-08-04,4545,創新高,32.7
2026-08-04,4550,創新高,24.9
2026-08-04,4551,創新高,163.0
2026-08-04,4552,創新高,17.95
2026-08-04,4554,創新高,30.6
2026-08-04,4555,創新高,41.8
2026-08-04,4560,創新高,31.45
2026-08-04,4561,創新高,35.7
2026-08-04,4562,創新高,30.1
2026-08-04,4563,創新高,39.9
2026-08-04,4568,創新高,39.45
2026-08-04,4569,創新高,163.0
2026-08-04,4571,創新高,152.0
2026-08-04,4576,創新高,201.0
2026-08-04,4577,創新高,74.9
2026-08-04,4581,創新高,51.3
2026-08-04,4582,創新高,27.5
2026-08-04,4583,創新高,490.5
2026-08-04,4584,創新高,38.95
2026-08-04,4588,創新高,50.6
2026-08-04,4702,創新高,9.68
2026-08-04,4707,創新高,28.05
2026-08-04,4711,創新高,15.95
2026-08-04,4714,創新高,10.35
2026-08-04,4716,創新高,17.55
2026-08-04,4720,創新高,19.15
2026-08-04,4721,創新高,70.4
2026-08-04,4722,創新高,203.0
2026-08-04,4726,創新高,24.85
2026-08-04,4729,創新高,19.25
2026-08-04,4739,創新高,82.6
2026-08-04,4741,創新高,42.75
2026-08-04,4743,創新高,47.45
2026-08-04,4745,創新高,12.0
2026-08-04,4746,創新高,52.4
2026-08-04,4749,創新高,778.0
2026-08-04,4754,創新高,36.5
2026-08-04,4755,創新高,113.5
2026-08-04,4760,創新高,237.5
2026-08-04,4767,創新高,26.15
2026-08-04,4768,創新高,290.5
2026-08-04,4771,創新高,187.5
2026-08-04,4804,創新高,3.27
2026-08-04,4806,創新高,10.1
2026-08-04,4903,創新高,39.0
2026-08-04,4906,創新高,34.25
2026-08-04,4908,創新高,150.5
2026-08-04,4909,創新高,37.6
2026-08-04,4912,創新高,88.9
2026-08-04,4916,創新高,101.5
2026-08-04,4919,創新高,129.5
2026-08-04,4923,創新高,42.1
2026-08-04,4924,創新高,10.05
2026-08-04,4927,創新高,30.45
2026-08-04,4931,創新高,196.0
2026-08-04,4934,創新高,14.35
2026-08-04,4938,創新高,88.4
2026-08-04,4939,創新高,56.3
2026-08-04,4946,創新高,71.4
2026-08-04,4949,創新高,63.2
2026-08-04,4951,創新高,80.1
2026-08-04,4952,創新高,48.0
2026-08-04,4953,創新高,129.0
2026-08-04,4956,創新高,29.7
2026-08-04,4958,創新高,444.0
2026-08-04,4960,創新高,20.35
2026-08-04,4961,創新高,156.5
2026-08-04,4966,創新高,584.0
2026-08-04,4967,創新高,256.5
2026-08-04,4968,創新高,99.5
2026-08-04,4971,創新高,420.0
2026-08-04,4972,創新高,16.5
2026-08-04,4973,創新高,144.0
2026-08-04,4974,創新高,67.9
2026-08-04,4977,創新高,131.0
2026-08-04,4979,創新高,447.5
2026-08-04,4989,創新高,67.2
2026-08-04,4991,創新高,426.5
2026-08-04,4995,創新高,47.5
2026-08-04,5009,創新高,33.1
2026-08-04,5014,創新高,10.45
2026-08-04,5016,創新高,23.95
2026-08-04,5202,創新高,11.9
2026-08-04,5203,創新高,65.7
2026-08-04,5211,創新高,19.6
2026-08-04,5212,創新高,47.3
2026-08-04,5220,創新高,20.45
2026-08-04,5222,創新高,111.5
2026-08-04,5228,創新高,39.4
2026-08-04,5230,創新高,17.6
2026-08-04,5236,創新高,148.0
2026-08-04,5243,創新高,83.2
2026-08-04,5244,創新高,31.5
2026-08-04,5251,創新高,25.5
2026-08-04,5258,創新高,54.4
2026-08-04,5272,創新高,17.55
2026-08-04,5278,創新高,24.85
2026-08-04,5284,創新高,299.5
2026-08-04,5285,創新高,75.3
2026-08-04,5287,創新高,145.5
2026-08-04,5288,創新高,193.5
2026-08-04,5289,創新高,1415.0
2026-08-04,5291,創新高,47.95
2026-08-04,5292,創新高,163.0
2026-08-04,5299,創新高,107.5
2026-08-04,5302,創新高,10.2
2026-08-04,5306,創新高,89.7
2026-08-04,5309,創新高,51.5
2026-08-04,5312,創新高,89.0
2026-08-04,5314,創新高,56.4
2026-08-04,5315,創新高,19.4
2026-08-04,5324,創新高,12.25
2026-08-04,5340,創新高,70.6
2026-08-04,5347,創新高,154.5
2026-08-04,5351,創新高,87.8
2026-08-04,5353,創新高,28.15
2026-08-04,5355,創新高,5.86
2026-08-04,5356,創新高,24.55
2026-08-04,5371,創新高,82.7
2026-08-04,5381,創新高,23.6
2026-08-04,5386,創新高,248.5
2026-08-04,5388,創新高,89.2
2026-08-04,5392,創新高,42.35
2026-08-04,5410,創新高,35.8
2026-08-04,5425,創新高,81.6
2026-08-04,5426,創新高,25.25
2026-08-04,5432,創新高,108.0
2026-08-04,5434,創新高,509.0
2026-08-04,5439,創新高,224.0
2026-08-04,5443,創新高,92.2
2026-08-04,5450,創新高,14.1
2026-08-04,5452,創新高,25.9
2026-08-04,5455,創新高,28.3
2026-08-04,5457,創新高,27.6
2026-08-04,5460,創新高,16.15
2026-08-04,5468,創新高,25.0
2026-08-04,5469,創新高,68.2
2026-08-04,5471,創新高,55.2
2026-08-04,5474,創新高,148.0
2026-08-04,5475,創新高,134.0
2026-08-04,5483,創新高,181.0
2026-08-04,5487,創新高,29.55
2026-08-04,5488,創新高,13.15
2026-08-04,5489,創新高,41.55
2026-08-04,5493,創新高,77.1
2026-08-04,5498,創新高,46.9
2026-08-04,5508,創新高,50.8
2026-08-04,5512,創新高,7.68
2026-08-04,5521,創新高,10.25
2026-08-04,5523,創新高,30.35
2026-08-04,5525,創新高,23.0
2026-08-04,5529,創新高,21.25
2026-08-04,5530,創新高,47.45
2026-08-04,5536,創新高,990.0
2026-08-04,5604,創新高,30.45
2026-08-04,5607,創新高,47.85
2026-08-04,5608,創新高,13.25
2026-08-04,5703,創新高,14.2
2026-08-04,5864,創新高,30.85
2026-08-04,5902,創新高,34.3
2026-08-04,5904,創新高,72.0
2026-08-04,5907,創新高,5.0
2026-08-04,6005,創新高,34.85
2026-08-04,6024,創新高,58.2
2026-08-04,6028,創新高,80.8
2026-08-04,6101,創新高,36.1
2026-08-04,6103,創新高,28.5
2026-08-04,6104,創新高,93.8
2026-08-04,6108,創新高,16.9
2026-08-04,6112,創新高,41.55
2026-08-04,6113,創新高,21.9
2026-08-04,6116,創新高,12.95
2026-08-04,6120,創新高,13.4
2026-08-04,6121,創新高,370.0
2026-08-04,6124,創新高,25.9
2026-08-04,6125,創新高,48.25
2026-08-04,6126,創新高,31.05
2026-08-04,6127,創新高,48.9
2026-08-04,6128,創新高,20.2
2026-08-04,6129,創新高,14.35
2026-08-04,6133,創新高,20.4
2026-08-04,6134,創新高,26.3
2026-08-04,6136,創新高,24.45
2026-08-04,6138,創新高,295.5
2026-08-04,6139,創新高,786.0
2026-08-04,6140,創新高,16.4
2026-08-04,6141,創新高,33.4
2026-08-04,6142,創新高,9.89
2026-08-04,6143,創新高,90.5
2026-08-04,6147,創新高,144.5
2026-08-04,6148,創新高,27.0
2026-08-04,6150,創新高,58.0
2026-08-04,6151,創新高,34.2
2026-08-04,6153,創新高,15.5
2026-08-04,6154,創新高,13.5
2026-08-04,6155,創新高,54.7
2026-08-04,6156,創新高,21.95
2026-08-04,6161,創新高,50.6
2026-08-04,6163,創新高,40.45
2026-08-04,6164,創新高,11.7
2026-08-04,6165,創新高,50.4
2026-08-04,6167,創新高,10.55
2026-08-04,6168,創新高,24.5
2026-08-04,6169,創新高,13.55
2026-08-04,6173,創新高,164.5
2026-08-04,6174,創新高,42.4
2026-08-04,6175,創新高,75.2
2026-08-04,6176,創新高,87.1
2026-08-04,6179,創新高,25.8
2026-08-04,6182,創新高,96.9
2026-08-04,6185,創新高,14.0
2026-08-04,6186,創新高,41.8
2026-08-04,6187,創新高,1090.0
2026-08-04,6188,創新高,70.5
2026-08-04,6189,創新高,47.9
2026-08-04,6190,創新高,67.0
2026-08-04,6191,創新高,83.0
2026-08-04,6192,創新高,114.0
2026-08-04,6195,創新高,26.95
2026-08-04,6197,創新高,308.0
2026-08-04,6198,創新高,19.6
2026-08-04,6201,創新高,49.15
2026-08-04,6203,創新高,61.0
2026-08-04,6204,創新高,73.7
2026-08-04,6205,創新高,60.0
2026-08-04,6206,創新高,140.0
2026-08-04,6207,創新高,103.0
2026-08-04,6208,創新高,84.4
2026-08-04,6209,創新高,69.1
2026-08-04,6212,創新高,29.3
2026-08-04,6213,創新高,310.0
2026-08-04,6215,創新高,92.6
2026-08-04,6216,創新高,21.85
2026-08-04,6217,創新高,134.0
2026-08-04,6218,創新高,33.05
2026-08-04,6220,創新高,26.45
2026-08-04,6221,創新高,21.05
2026-08-04,6222,創新高,20.95
2026-08-04,6223,創新高,5900.0
2026-08-04,6224,創新高,56.0
2026-08-04,6229,創新高,23.4
2026-08-04,6231,創新高,221.5
2026-08-04,6233,創新高,20.55
2026-08-04,6234,創新高,33.35
2026-08-04,6235,創新高,38.6
2026-08-04,6236,創新高,17.05
2026-08-04,6237,創新高,33.85
2026-08-04,6239,創新高,256.5
2026-08-04,6241,創新高,16.75
2026-08-04,6242,創新高,34.85
2026-08-04,6244,創新高,23.7
2026-08-04,6245,創新高,78.2
2026-08-04,6246,創新高,12.65
2026-08-04,6248,創新高,17.6
2026-08-04,6257,創新高,199.5
2026-08-04,6259,創新高,30.15
2026-08-04,6261,創新高,76.4
2026-08-04,6264,創新高,6.06
2026-08-04,6265,創新高,49.3
2026-08-04,6269,創新高,56.1
2026-08-04,6270,創新高,29.2
2026-08-04,6271,創新高,179.5
2026-08-04,6274,創新高,1340.0
2026-08-04,6275,創新高,43.0
2026-08-04,6276,創新高,20.7
2026-08-04,6278,創新高,153.0
2026-08-04,6282,創新高,47.9
2026-08-04,6283,創新高,20.4
2026-08-04,6284,創新高,77.1
2026-08-04,6285,創新高,252.5
2026-08-04,6291,創新高,366.5
2026-08-04,6292,創新高,57.6
2026-08-04,6405,創新高,38.65
2026-08-04,6411,創新高,76.5
2026-08-04,6412,創新高,81.8
2026-08-04,6414,創新高,436.5
2026-08-04,6415,創新高,424.0
2026-08-04,6416,創新高,94.6
2026-08-04,6418,創新高,32.0
2026-08-04,6419,創新高,133.0
2026-08-04,6423,創新高,71.5
2026-08-04,6425,創新高,55.8
2026-08-04,6426,創新高,173.5
2026-08-04,6431,創新高,18.55
2026-08-04,6435,創新高,251.5
2026-08-04,6438,創新高,144.0
2026-08-04,6441,創新高,19.3
2026-08-04,6442,創新高,1395.0
2026-08-04,6443,創新高,25.8
2026-08-04,6446,創新高,1215.0
2026-08-04,6449,創新高,227.5
2026-08-04,6451,創新高,391.0
2026-08-04,6456,創新高,58.0
2026-08-04,6462,創新高,96.5
2026-08-04,6474,創新高,37.5
2026-08-04,6477,創新高,36.05
2026-08-04,6485,創新高,60.2
2026-08-04,6488,創新高,952.0
2026-08-04,6491,創新高,365.5
2026-08-04,6492,創新高,41.1
2026-08-04,6494,創新高,49.45
2026-08-04,6498,創新高,76.2
2026-08-04,6499,創新高,59.0
2026-08-04,6506,創新高,16.55
2026-08-04,6509,創新高,44.25
2026-08-04,6510,創新高,2795.0
2026-08-04,6512,創新高,20.4
2026-08-04,6515,創新高,6575.0
2026-08-04,6516,創新高,58.4
2026-08-04,6525,創新高,136.0
2026-08-04,6526,創新高,575.0
2026-08-04,6527,創新高,73.0
2026-08-04,6530,創新高,74.7
2026-08-04,6531,創新高,806.0
2026-08-04,6532,創新高,70.3
2026-08-04,6534,創新高,94.5
2026-08-04,6538,創新高,148.5
2026-08-04,6546,創新高,56.7
2026-08-04,6547,創新高,47.4
2026-08-04,6548,創新高,74.0
2026-08-04,6552,創新高,24.35
2026-08-04,6558,創新高,25.05
2026-08-04,6560,創新高,32.15
2026-08-04,6568,創新高,133.0
2026-08-04,6570,創新高,54.7
2026-08-04,6573,創新高,18.25
2026-08-04,6574,創新高,126.5
2026-08-04,6578,創新高,18.25
2026-08-04,6579,創新高,163.5
2026-08-04,6581,創新高,109.0
2026-08-04,6584,創新高,475.5
2026-08-04,6585,創新高,117.5
2026-08-04,6588,創新高,95.4
2026-08-04,6589,創新高,47.4
2026-08-04,6591,創新高,44.5
2026-08-04,6596,創新高,88.3
2026-08-04,6597,創新高,64.0
2026-08-04,6598,創新高,31.5
2026-08-04,6605,創新高,134.0
2026-08-04,6606,創新高,26.1
2026-08-04,6609,創新高,37.25
2026-08-04,6612,創新高,71.1
2026-08-04,6613,創新高,283.5
2026-08-04,6615,創新高,35.25
2026-08-04,6624,創新高,41.4
2026-08-04,6625,創新高,77.0
2026-08-04,6629,創新高,104.0
2026-08-04,6640,創新高,885.0
2026-08-04,6641,創新高,17.7
2026-08-04,6643,創新高,414.0
2026-08-04,6651,創新高,122.5
2026-08-04,6654,創新高,168.0
2026-08-04,6657,創新高,30.65
2026-08-04,6658,創新高,147.5
2026-08-04,6661,創新高,17.85
2026-08-04,6664,創新高,340.0
2026-08-04,6667,創新高,227.0
2026-08-04,6669,創新高,6205.0
2026-08-04,6671,創新高,23.25
2026-08-04,6672,創新高,218.5
2026-08-04,6679,創新高,210.5
2026-08-04,6683,創新高,1090.0
2026-08-04,6689,創新高,60.7
2026-08-04,6691,創新高,679.0
2026-08-04,6693,創新高,163.0
2026-08-04,6695,創新高,51.0
2026-08-04,6697,創新高,40.45
2026-08-04,6698,創新高,33.0
2026-08-04,6703,創新高,106.0
2026-08-04,6706,創新高,106.0
2026-08-04,6708,創新高,39.0
2026-08-04,6712,創新高,148.5
2026-08-04,6715,創新高,348.5
2026-08-04,6716,創新高,80.8
2026-08-04,6719,創新高,208.5
2026-08-04,6721,創新高,52.3
2026-08-04,6725,創新高,256.0
2026-08-04,6727,創新高,370.0
2026-08-04,6728,創新高,104.5
2026-08-04,6732,創新高,156.5
2026-08-04,6735,創新高,65.1
2026-08-04,6739,創新高,990.0
2026-08-04,6741,創新高,55.7
2026-08-04,6742,創新高,44.8
2026-08-04,6751,創新高,41.5
2026-08-04,6752,創新高,97.0
2026-08-04,6756,創新高,96.0
2026-08-04,6761,創新高,148.0
2026-08-04,6763,創新高,41.65
2026-08-04,6770,創新高,60.1
2026-08-04,6771,創新高,38.65
2026-08-04,6776,創新高,55.2
2026-08-04,6781,創新高,1010.0
2026-08-04,6782,創新高,190.0
2026-08-04,6788,創新高,344.5
2026-08-04,6789,創新高,440.0
2026-08-04,6792,創新高,55.4
2026-08-04,6796,創新高,56.4
2026-08-04,6799,創新高,79.1
2026-08-04,6803,創新高,271.5
2026-08-04,6805,創新高,1590.0
2026-08-04,6807,創新高,35.3
2026-08-04,6811,創新高,236.0
2026-08-04,6821,創新高,41.7
2026-08-04,6823,創新高,65.4
2026-08-04,6829,創新高,181.5
2026-08-04,6830,創新高,403.0
2026-08-04,6831,創新高,617.0
2026-08-04,6834,創新高,93.5
2026-08-04,6840,創新高,62.4
2026-08-04,6841,創新高,55.2
2026-08-04,6843,創新高,39.4
2026-08-04,6844,創新高,60.8
2026-08-04,6846,創新高,61.9
2026-08-04,6854,創新高,94.1
2026-08-04,6855,創新高,117.0
2026-08-04,6856,創新高,44.3
2026-08-04,6859,創新高,99.5
2026-08-04,6861,創新高,206.0
2026-08-04,6862,創新高,138.0
2026-08-04,6863,創新高,134.0
2026-08-04,6869,創新高,67.4
2026-08-04,6870,創新高,248.0
2026-08-04,6873,創新高,78.1
2026-08-04,6874,創新高,77.4
2026-08-04,6884,創新高,31.1
2026-08-04,6887,創新高,38.0
2026-08-04,6894,創新高,343.0
2026-08-04,6899,創新高,50.4
2026-08-04,6903,創新高,317.0
2026-08-04,6904,創新高,121.5
2026-08-04,6906,創新高,68.7
2026-08-04,6907,創新高,181.5
2026-08-04,6913,創新高,128.0
2026-08-04,6916,創新高,18.35
2026-08-04,6922,創新高,178.0
2026-08-04,6924,創新高,108.5
2026-08-04,6925,創新高,52.3
2026-08-04,6928,創新高,49.6
2026-08-04,6929,創新高,23.75
2026-08-04,6933,創新高,169.0
2026-08-04,6944,創新高,786.0
2026-08-04,6945,創新高,94.8
2026-08-04,6947,創新高,76.7
2026-08-04,6949,創新高,874.0
2026-08-04,6953,創新高,211.0
2026-08-04,6955,創新高,117.0
2026-08-04,6969,創新高,34.45
2026-08-04,6996,創新高,175.0
2026-08-04,6997,創新高,76.6
2026-08-04,7402,創新高,102.0
2026-08-04,7547,創新高,47.1
2026-08-04,7556,創新高,215.5
2026-08-04,7610,創新高,1450.0
2026-08-04,7703,創新高,165.0
2026-08-04,7704,創新高,60.9
2026-08-04,7708,創新高,92.3
2026-08-04,7709,創新高,70.9
2026-08-04,7711,創新高,299.5
2026-08-04,7712,創新高,141.0
2026-08-04,7714,創新高,155.0
2026-08-04,7715,創新高,34.45
2026-08-04,7716,創新高,24.6
2026-08-04,7717,創新高,413.0
2026-08-04,7721,創新高,60.1
2026-08-04,7722,創新高,273.0
2026-08-04,7728,創新高,601.0
2026-08-04,7730,創新高,157.0
2026-08-04,7732,創新高,35.6
2026-08-04,7734,創新高,3690.0
2026-08-04,7736,創新高,70.3
2026-08-04,7738,創新高,166.0
2026-08-04,7740,創新高,153.0
2026-08-04,7744,創新高,404.5
2026-08-04,7749,創新高,339.0
2026-08-04,7750,創新高,2330.0
2026-08-04,7751,創新高,1365.0
2026-08-04,7760,創新高,34.0
2026-08-04,7768,創新高,252.0
2026-08-04,7772,創新高,89.7
2026-08-04,7777,創新高,39.6
2026-08-04,7782,創新高,26.45
2026-08-04,7788,創新高,203.5
2026-08-04,7794,創新高,28.8
2026-08-04,7795,創新高,418.0
2026-08-04,7799,創新高,355.0
2026-08-04,7803,創新高,19.75
2026-08-04,7805,創新高,614.0
2026-08-04,7810,創新高,188.5
2026-08-04,7811,創新高,71.0
2026-08-04,7822,創新高,813.0
2026-08-04,7823,創新高,81.0
2026-08-04,7827,創新高,153.5
2026-08-04,7828,創新高,1610.0
2026-08-04,7839,創新高,45.75
2026-08-04,8016,創新高,280.0
2026-08-04,8021,創新高,390.5
2026-08-04,8024,創新高,14.4
2026-08-04,8027,創新高,175.5
2026-08-04,8028,創新高,268.0
2026-08-04,8032,創新高,35.7
2026-08-04,8033,創新高,178.5
2026-08-04,8034,創新高,19.4
2026-08-04,8039,創新高,200.0
2026-08-04,8040,創新高,70.0
2026-08-04,8042,創新高,110.5
2026-08-04,8044,創新高,26.65
2026-08-04,8046,創新高,1045.0
2026-08-04,8048,創新高,54.0
2026-08-04,8049,創新高,26.1
2026-08-04,8054,創新高,81.1
2026-08-04,8059,創新高,15.15
2026-08-04,8064,創新高,104.0
2026-08-04,8067,創新高,13.6
2026-08-04,8068,創新高,17.6
2026-08-04,8069,創新高,197.5
2026-08-04,8070,創新高,46.9
2026-08-04,8071,創新高,22.5
2026-08-04,8072,創新高,26.65
2026-08-04,8074,創新高,53.0
2026-08-04,8076,創新高,23.0
2026-08-04,8077,創新高,45.8
2026-08-04,8081,創新高,254.0
2026-08-04,8086,創新高,122.5
2026-08-04,8087,創新高,28.8
2026-08-04,8088,創新高,46.8
2026-08-04,8091,創新高,222.0
2026-08-04,8096,創新高,126.5
2026-08-04,8097,創新高,54.4
2026-08-04,8101,創新高,13.1
2026-08-04,8103,創新高,75.7
2026-08-04,8104,創新高,30.4
2026-08-04,8105,創新高,16.25
2026-08-04,8107,創新高,11.5
2026-08-04,8109,創新高,124.5
2026-08-04,8110,創新高,43.45
2026-08-04,8111,創新高,65.5
2026-08-04,8112,創新高,85.2
2026-08-04,8114,創新高,224.0
2026-08-04,8121,創新高,29.9
2026-08-04,8131,創新高,66.0
2026-08-04,8147,創新高,120.5
2026-08-04,8150,創新高,82.5
2026-08-04,8155,創新高,288.5
2026-08-04,8162,創新高,51.9
2026-08-04,8163,創新高,32.1
2026-08-04,8171,創新高,19.35
2026-08-04,8176,創新高,9.9
2026-08-04,8182,創新高,38.8
2026-08-04,8183,創新高,29.1
2026-08-04,8210,創新高,1150.0
2026-08-04,8215,創新高,23.3
2026-08-04,8222,創新高,36.75
2026-08-04,8227,創新高,146.0
2026-08-04,8234,創新高,63.7
2026-08-04,8240,創新高,40.95
2026-08-04,8255,創新高,141.5
2026-08-04,8261,創新高,180.0
2026-08-04,8271,創新高,224.0
2026-08-04,8277,創新高,8.19
2026-08-04,8279,創新高,89.9
2026-08-04,8284,創新高,62.6
2026-08-04,8289,創新高,42.05
2026-08-04,8299,創新高,1820.0
2026-08-04,8342,創新高,88.5
2026-08-04,8358,創新高,341.0
2026-08-04,8367,創新高,40.65
2026-08-04,8374,創新高,76.0
2026-08-04,8383,創新高,69.9
2026-08-04,8390,創新高,94.1
2026-08-04,8401,創新高,22.8
2026-08-04,8403,創新高,18.9
2026-08-04,8404,創新高,16.35
2026-08-04,8410,創新高,30.65
2026-08-04,8416,創新高,169.0
2026-08-04,8423,創新高,18.0
2026-08-04,8424,創新高,68.8
2026-08-04,8426,創新高,21.2
2026-08-04,8431,創新高,51.5
2026-08-04,8432,創新高,50.4
2026-08-04,8433,創新高,53.6
2026-08-04,8436,創新高,113.5
2026-08-04,8438,創新高,62.9
2026-08-04,8440,創新高,19.15
2026-08-04,8442,創新高,44.3
2026-08-04,8446,創新高,85.2
2026-08-04,8454,創新高,253.5
2026-08-04,8466,創新高,16.9
2026-08-04,8473,創新高,41.35
2026-08-04,8476,創新高,20.2
2026-08-04,8477,創新高,15.95
2026-08-04,8487,創新高,75.0
2026-08-04,8489,創新高,22.55
2026-08-04,8499,創新高,247.0
2026-08-04,8905,創新高,33.4
2026-08-04,8906,創新高,26.25
2026-08-04,8908,創新高,39.95
2026-08-04,8916,創新高,43.05
2026-08-04,8921,創新高,17.65
2026-08-04,8923,創新高,19.15
2026-08-04,8926,創新高,62.6
2026-08-04,8927,創新高,20.3
2026-08-04,8930,創新高,31.0
2026-08-04,8932,創新高,98.8
2026-08-04,8933,創新高,4.3
2026-08-04,8935,創新高,17.4
2026-08-04,8941,創新高,43.3
2026-08-04,8942,創新高,37.2
2026-08-04,8996,創新高,1030.0
2026-08-04,9103,創新高,5.12
2026-08-04,9105,創新高,8.3
2026-08-04,9110,創新高,3.43
2026-08-04,9136,創新高,11.5
2026-08-04,9902,創新高,13.75
2026-08-04,9912,創新高,12.85
2026-08-04,9919,創新高,13.9
2026-08-04,9931,創新高,33.85
2026-08-04,9933,創新高,36.45
2026-08-04,9934,創新高,10.7
2026-08-04,9935,創新高,19.75
2026-08-04,9939,創新高,131.0
2026-08-04,9944,創新高,17.7
2026-08-04,9958,創新高,105.5
2026-08-04,9962,創新高,9.78
2026-08-04,2027,創高量縮,44.25
2026-08-04,2867,創高量縮,9.76
2026-08-04,2897,創高量縮,10.2
2026-08-04,5490,創高量縮,33.45
2026-08-04,6214,創高量縮,150.0
2026-08-04,6598,創高量縮,31.5
2026-08-04,8050,創高量縮,59.0
2026-08-04,0055,強勢股,43.92
2026-08-04,00660,強勢股,47.11
2026-08-04,00668,強勢股,63.05
2026-08-04,00709,強勢股,41.16
2026-08-04,00713,強勢股,60.8
2026-08-04,00731,強勢股,90.3
2026-08-04,00898,強勢股,9.44
2026-08-04,00907,強勢股,16.77
2026-08-04,00908,強勢股,15.82
2026-08-04,00916,強勢股,27.2
2026-08-04,00917,強勢股,24.26
2026-08-04,00918,強勢股,33.25
2026-08-04,00926,強勢股,26.32
2026-08-04,00939,強勢股,22.1
2026-08-04,00949,強勢股,21.39
2026-08-04,00960,強勢股,19.04
2026-08-04,00961,強勢股,13.03
2026-08-04,00963,強勢股,13.47
2026-08-04,00971,強勢股,17.57
2026-08-04,1268,強勢股,172.0
2026-08-04,1402,強勢股,27.15
2026-08-04,1414,強勢股,19.8
2026-08-04,1439,強勢股,28.5
2026-08-04,1468,強勢股,14.0
2026-08-04,1470,強勢股,23.3
2026-08-04,1476,強勢股,354.5
2026-08-04,1733,強勢股,32.25
2026-08-04,1742,強勢股,18.35
2026-08-04,1777,強勢股,72.1
2026-08-04,1907,強勢股,29.5
2026-08-04,2006,強勢股,82.5
2026-08-04,2027,強勢股,44.25
2026-08-04,2073,強勢股,28.05
2026-08-04,2106,強勢股,18.25
2026-08-04,2347,強勢股,93.8
2026-08-04,2357,強勢股,806.0
2026-08-04,2362,強勢股,44.7
2026-08-04,2364,強勢股,70.9
2026-08-04,2395,強勢股,576.0
2026-08-04,2511,強勢股,8.5
2026-08-04,2542,強勢股,44.15
2026-08-04,2596,強勢股,30.65
2026-08-04,2610,強勢股,22.45
2026-08-04,2615,強勢股,86.1
2026-08-04,2618,強勢股,43.8
2026-08-04,2801,強勢股,25.2
2026-08-04,2832,強勢股,58.8
2026-08-04,2834,強勢股,16.9
2026-08-04,2867,強勢股,9.76
2026-08-04,2880,強勢股,43.25
2026-08-04,2881,強勢股,128.5
2026-08-04,2882,強勢股,99.2
2026-08-04,2884,強勢股,38.0
2026-08-04,2885,強勢股,69.0
2026-08-04,2890,強勢股,39.6
2026-08-04,3034,強勢股,524.0
2026-08-04,3226,強勢股,51.1
2026-08-04,3268,強勢股,21.5
2026-08-04,3288,強勢股,25.45
2026-08-04,3293,強勢股,774.0
2026-08-04,3441,強勢股,89.6
2026-08-04,3489,強勢股,25.65
2026-08-04,3520,強勢股,18.05
2026-08-04,4120,強勢股,47.2
2026-08-04,4139,強勢股,39.0
2026-08-04,4153,強勢股,32.0
2026-08-04,4506,強勢股,122.5
2026-08-04,4536,強勢股,166.0
2026-08-04,4907,強勢股,43.55
2026-08-04,4938,強勢股,88.4
2026-08-04,5324,強勢股,12.25
2026-08-04,5455,強勢股,28.3
2026-08-04,5490,強勢股,33.45
2026-08-04,5904,強勢股,72.0
2026-08-04,6195,強勢股,26.95
2026-08-04,6214,強勢股,150.0
2026-08-04,6243,強勢股,50.5
2026-08-04,6277,強勢股,77.7
2026-08-04,6527,強勢股,73.0
2026-08-04,6598,強勢股,31.5
2026-08-04,6606,強勢股,26.1
2026-08-04,6863,強勢股,134.0
2026-08-04,6969,強勢股,34.45
2026-08-04,7708,強勢股,92.3
2026-08-04,7767,強勢股,47.65
2026-08-04,9935,強勢股,19.75
2026-08-04,9939,強勢股,131.0
2026-08-04,9945,強勢股,26.7
2026-08-04,2834,盤整突破-原始版,16.9
2026-08-04,2834,盤整突破-寬鬆版,16.9
2026-08-04,4123,盤整突破-寬鬆版,38.95
2026-08-04,4953,盤整突破-寬鬆版,129.0
2026-08-04,0050,連買+MA,100.65
2026-08-04,0056,連買+MA,50.6
2026-08-04,00643,連買+MA,18.4
2026-08-04,00645,連買+MA,55.95
2026-08-04,00661,連買+MA,82.35
2026-08-04,00668,連買+MA,63.05
2026-08-04,00714,連買+MA,22.71
2026-08-04,00717,連買+MA,15.01
2026-08-04,00730,連買+MA,28.4
2026-08-04,00731,連買+MA,90.3
2026-08-04,00733,連買+MA,61.45
2026-08-04,00770,連買+MA,67.85
2026-08-04,00850,連買+MA,86.15
2026-08-04,00892,連買+MA,38.91
2026-08-04,00894,連買+MA,45.36
2026-08-04,00898,連買+MA,9.44
2026-08-04,00900,連買+MA,18.38
2026-08-04,00904,連買+MA,38.13
2026-08-04,00916,連買+MA,27.2
2026-08-04,00921,連買+MA,22.99
2026-08-04,00926,連買+MA,26.32
2026-08-04,00927,連買+MA,35.02
2026-08-04,00929,連買+MA,28.15
2026-08-04,00936,連買+MA,20.94
2026-08-04,00938,連買+MA,24.72
2026-08-04,00939,連買+MA,22.1
2026-08-04,00946,連買+MA,14.68
2026-08-04,00947,連買+MA,33.35
2026-08-04,00951,連買+MA,17.65
2026-08-04,00952,連買+MA,17.69
2026-08-04,00965,連買+MA,26.01
2026-08-04,1203,連買+MA,48.45
2026-08-04,1303,連買+MA,170.5
2026-08-04,1308,連買+MA,12.75
2026-08-04,1309,連買+MA,12.7
2026-08-04,1313,連買+MA,10.7
2026-08-04,1323,連買+MA,19.75
2026-08-04,1326,連買+MA,58.2
2026-08-04,1341,連買+MA,58.6
2026-08-04,1342,連買+MA,100.0
2026-08-04,1409,連買+MA,22.6
2026-08-04,1419,連買+MA,66.5
2026-08-04,1423,連買+MA,35.5
2026-08-04,1444,連買+MA,7.14
2026-08-04,1447,連買+MA,6.85
2026-08-04,1449,連買+MA,12.25
2026-08-04,1467,連買+MA,9.07
2026-08-04,1471,連買+MA,9.5
2026-08-04,1513,連買+MA,159.0
2026-08-04,1516,連買+MA,16.05
2026-08-04,1521,連買+MA,25.1
2026-08-04,1524,連買+MA,26.45
2026-08-04,1530,連買+MA,27.5
2026-08-04,1560,連買+MA,675.0
2026-08-04,1563,連買+MA,57.1
2026-08-04,1583,連買+MA,49.3
2026-08-04,1590,連買+MA,1425.0
2026-08-04,1605,連買+MA,33.75
2026-08-04,1617,連買+MA,18.25
2026-08-04,1623,連買+MA,213.0
2026-08-04,1711,連買+MA,34.25
2026-08-04,1714,連買+MA,14.55
2026-08-04,1717,連買+MA,63.6
2026-08-04,1721,連買+MA,20.1
2026-08-04,1723,連買+MA,83.3
2026-08-04,1725,連買+MA,29.85
2026-08-04,1727,連買+MA,72.4
2026-08-04,1730,連買+MA,51.2
2026-08-04,1735,連買+MA,19.8
2026-08-04,1776,連買+MA,16.65
2026-08-04,1904,連買+MA,21.35
2026-08-04,1905,連買+MA,13.15
2026-08-04,1907,連買+MA,29.5
2026-08-04,2006,連買+MA,82.5
2026-08-04,2008,連買+MA,30.55
2026-08-04,2015,連買+MA,63.8
2026-08-04,2027,連買+MA,44.25
2026-08-04,2031,連買+MA,39.05
2026-08-04,2049,連買+MA,332.0
2026-08-04,2059,連買+MA,9495.0
2026-08-04,2069,連買+MA,18.55
2026-08-04,2108,連買+MA,27.45
2026-08-04,2302,連買+MA,41.9
2026-08-04,2312,連買+MA,32.3
2026-08-04,2313,連買+MA,198.5
2026-08-04,2317,連買+MA,250.0
2026-08-04,2323,連買+MA,10.3
2026-08-04,2324,連買+MA,37.0
2026-08-04,2329,連買+MA,43.25
2026-08-04,2330,連買+MA,2320.0
2026-08-04,2332,連買+MA,23.85
2026-08-04,2338,連買+MA,38.9
2026-08-04,2340,連買+MA,31.7
2026-08-04,2342,連買+MA,36.7
2026-08-04,2344,連買+MA,157.0
2026-08-04,2345,連買+MA,2320.0
2026-08-04,2349,連買+MA,10.8
2026-08-04,2353,連買+MA,29.05
2026-08-04,2355,連買+MA,39.5
2026-08-04,2356,連買+MA,66.0
2026-08-04,2357,連買+MA,806.0
2026-08-04,2362,連買+MA,44.7
2026-08-04,2363,連買+MA,51.4
2026-08-04,2375,連買+MA,122.0
2026-08-04,2376,連買+MA,332.0
2026-08-04,2377,連買+MA,149.5
2026-08-04,2379,連買+MA,723.0
2026-08-04,2383,連買+MA,5140.0
2026-08-04,2388,連買+MA,80.3
2026-08-04,2395,連買+MA,576.0
2026-08-04,2401,連買+MA,27.15
2026-08-04,2404,連買+MA,1110.0
2026-08-04,2408,連買+MA,436.0
2026-08-04,2409,連買+MA,24.45
2026-08-04,2417,連買+MA,40.9
2026-08-04,2419,連買+MA,24.45
2026-08-04,2420,連買+MA,54.3
2026-08-04,2421,連買+MA,135.5
2026-08-04,2426,連買+MA,60.8
2026-08-04,2432,連買+MA,28.35
2026-08-04,2434,連買+MA,54.7
2026-08-04,2436,連買+MA,59.0
2026-08-04,2449,連買+MA,245.5
2026-08-04,2454,連買+MA,3865.0
2026-08-04,2455,連買+MA,353.0
2026-08-04,2458,連買+MA,157.5
2026-08-04,2464,連買+MA,162.0
2026-08-04,2465,連買+MA,78.0
2026-08-04,2467,連買+MA,503.0
2026-08-04,2471,連買+MA,48.7
2026-08-04,2476,連買+MA,119.0
2026-08-04,2484,連買+MA,69.9
2026-08-04,2486,連買+MA,221.0
2026-08-04,2489,連買+MA,30.1
2026-08-04,2535,連買+MA,88.3
2026-08-04,2546,連買+MA,99.9
2026-08-04,2605,連買+MA,31.25
2026-08-04,2606,連買+MA,63.4
2026-08-04,2612,連買+MA,53.2
2026-08-04,2618,連買+MA,43.8
2026-08-04,2637,連買+MA,83.9
2026-08-04,2801,連買+MA,25.2
2026-08-04,2834,連買+MA,16.9
2026-08-04,2855,連買+MA,44.75
2026-08-04,2867,連買+MA,9.76
2026-08-04,2880,連買+MA,43.25
2026-08-04,2881,連買+MA,128.5
2026-08-04,2882,連買+MA,99.2
2026-08-04,2885,連買+MA,69.0
2026-08-04,2886,連買+MA,50.7
2026-08-04,2887,連買+MA,35.55
2026-08-04,2890,連買+MA,39.6
2026-08-04,2891,連買+MA,64.8
2026-08-04,2892,連買+MA,35.3
2026-08-04,2897,連買+MA,10.2
2026-08-04,3006,連買+MA,217.5
2026-08-04,3008,連買+MA,4355.0
2026-08-04,3010,連買+MA,117.0
2026-08-04,3014,連買+MA,128.0
2026-08-04,3015,連買+MA,56.3
2026-08-04,3017,連買+MA,2600.0
2026-08-04,3022,連買+MA,90.9
2026-08-04,3023,連買+MA,299.5
2026-08-04,3024,連買+MA,12.4
2026-08-04,3026,連買+MA,498.0
2026-08-04,3028,連買+MA,67.7
2026-08-04,3030,連買+MA,296.5
2026-08-04,3031,連買+MA,22.5
2026-08-04,3033,連買+MA,48.2
2026-08-04,3034,連買+MA,524.0
2026-08-04,3035,連買+MA,166.0
2026-08-04,3036,連買+MA,212.5
2026-08-04,3037,連買+MA,924.0
2026-08-04,3042,連買+MA,169.5
2026-08-04,3044,連買+MA,392.0
2026-08-04,3046,連買+MA,53.2
2026-08-04,3054,連買+MA,49.3
2026-08-04,3060,連買+MA,28.8
2026-08-04,3062,連買+MA,20.15
2026-08-04,3092,連買+MA,23.1
2026-08-04,3149,連買+MA,65.8
2026-08-04,3229,連買+MA,47.75
2026-08-04,3231,連買+MA,195.0
2026-08-04,3296,連買+MA,23.1
2026-08-04,3305,連買+MA,109.5
2026-08-04,3413,連買+MA,321.5
2026-08-04,3416,連買+MA,178.0
2026-08-04,3437,連買+MA,17.45
2026-08-04,3443,連買+MA,4145.0
2026-08-04,3504,連買+MA,78.2
2026-08-04,3605,連買+MA,92.6
2026-08-04,3653,連買+MA,4145.0
2026-08-04,3661,連買+MA,3390.0
2026-08-04,3665,連買+MA,2300.0
2026-08-04,3669,連買+MA,38.65
2026-08-04,3673,連買+MA,59.9
2026-08-04,3701,連買+MA,39.1
2026-08-04,3702,連買+MA,117.5
2026-08-04,3704,連買+MA,45.9
2026-08-04,3706,連買+MA,91.3
2026-08-04,3711,連買+MA,585.0
2026-08-04,3714,連買+MA,53.7
2026-08-04,4545,連買+MA,32.7
2026-08-04,4551,連買+MA,163.0
2026-08-04,4555,連買+MA,41.8
2026-08-04,4566,連買+MA,67.6
2026-08-04,4569,連買+MA,163.0
2026-08-04,4571,連買+MA,152.0
2026-08-04,4576,連買+MA,201.0
2026-08-04,4720,連買+MA,19.15
2026-08-04,4764,連買+MA,259.0
2026-08-04,4771,連買+MA,187.5
2026-08-04,4906,連買+MA,34.25
2026-08-04,4912,連買+MA,88.9
2026-08-04,4927,連買+MA,30.45
2026-08-04,4938,連買+MA,88.4
2026-08-04,4949,連買+MA,63.2
2026-08-04,4952,連買+MA,48.0
2026-08-04,4958,連買+MA,444.0
2026-08-04,4960,連買+MA,20.35
2026-08-04,4961,連買+MA,156.5
2026-08-04,5215,連買+MA,38.5
2026-08-04,5236,連買+MA,148.0
2026-08-04,5243,連買+MA,83.2
2026-08-04,5285,連買+MA,75.3
2026-08-04,5288,連買+MA,193.5
2026-08-04,5534,連買+MA,77.5
2026-08-04,5538,連買+MA,33.75
2026-08-04,5876,連買+MA,44.15
2026-08-04,5880,連買+MA,26.55
2026-08-04,6005,連買+MA,34.85
2026-08-04,6116,連買+MA,12.95
2026-08-04,6120,連買+MA,13.4
2026-08-04,6136,連買+MA,24.45
2026-08-04,6139,連買+MA,786.0
2026-08-04,6153,連買+MA,15.5
2026-08-04,6155,連買+MA,54.7
2026-08-04,6166,連買+MA,126.5
2026-08-04,6189,連買+MA,47.9
2026-08-04,6192,連買+MA,114.0
2026-08-04,6196,連買+MA,492.0
2026-08-04,6197,連買+MA,308.0
2026-08-04,6205,連買+MA,60.0
2026-08-04,6206,連買+MA,140.0
2026-08-04,6224,連買+MA,56.0
2026-08-04,6243,連買+MA,50.5
2026-08-04,6269,連買+MA,56.1
2026-08-04,6278,連買+MA,153.0
2026-08-04,6282,連買+MA,47.9
2026-08-04,6285,連買+MA,252.5
2026-08-04,6414,連買+MA,436.5
2026-08-04,6415,連買+MA,424.0
2026-08-04,6416,連買+MA,94.6
2026-08-04,6438,連買+MA,144.0
2026-08-04,6443,連買+MA,25.8
2026-08-04,6456,連買+MA,58.0
2026-08-04,6491,連買+MA,365.5
2026-08-04,6526,連買+MA,575.0
2026-08-04,6579,連買+MA,163.5
2026-08-04,6581,連買+MA,109.0
2026-08-04,6606,連買+MA,26.1
2026-08-04,6655,連買+MA,117.5
2026-08-04,6658,連買+MA,147.5
2026-08-04,6669,連買+MA,6205.0
2026-08-04,6670,連買+MA,258.0
2026-08-04,6695,連買+MA,51.0
2026-08-04,6698,連買+MA,33.0
2026-08-04,6706,連買+MA,106.0
2026-08-04,6719,連買+MA,208.5
2026-08-04,6742,連買+MA,44.8
2026-08-04,6776,連買+MA,55.2
2026-08-04,6789,連買+MA,440.0
2026-08-04,6792,連買+MA,55.4
2026-08-04,6831,連買+MA,617.0
2026-08-04,6902,連買+MA,120.5
2026-08-04,6909,連買+MA,40.2
2026-08-04,6924,連買+MA,108.5
2026-08-04,6944,連買+MA,786.0
2026-08-04,6947,連買+MA,76.7
2026-08-04,6949,連買+MA,874.0
2026-08-04,6958,連買+MA,18.7
2026-08-04,7721,連買+MA,60.1
2026-08-04,7750,連買+MA,2330.0
2026-08-04,7768,連買+MA,252.0
2026-08-04,7769,連買+MA,6190.0
2026-08-04,8016,連買+MA,280.0
2026-08-04,8081,連買+MA,254.0
2026-08-04,8103,連買+MA,75.7
2026-08-04,8105,連買+MA,16.25
2026-08-04,8112,連買+MA,85.2
2026-08-04,8131,連買+MA,66.0
2026-08-04,8162,連買+MA,51.9
2026-08-04,8163,連買+MA,32.1
2026-08-04,8210,連買+MA,1150.0
2026-08-04,8215,連買+MA,23.3
2026-08-04,8271,連買+MA,224.0
2026-08-04,8422,連買+MA,26.25
2026-08-04,8454,連買+MA,253.5
2026-08-04,9105,連買+MA,8.3
2026-08-04,9136,連買+MA,11.5
2026-08-04,9912,連買+MA,12.85
2026-08-04,9917,連買+MA,108.5
2026-08-04,9944,連買+MA,17.7
