date,code,name,industry,sector,is_etf,foreign_net,trust_net,dealer_net,dealer_hedge,inst_total,price,change_pct,volume_k
2026-08-24,6770,力積電,晶圓代工,半導體,False,38095,0,844,946,1374,70.8,3.51,162099
2026-08-24,2324,仁寶,EMS,電子製造,False,28426,958,1081,2453,646,41.6,6.8,136886
2026-08-24,2609,陽明,貨櫃航運,航運,False,30651,27,2457,1572,-350,64.5,0.78,170173
2026-08-24,2303,聯電,IC設計,半導體,False,2257,14763,541,1015,529,123.5,6.01,196622
2026-08-24,2426,鼎元,其他,其他,False,13702,0,42,96,56,82.6,0.49,63455
2026-08-24,6116,彩晶,其他,其他,False,11124,0,13,99,423,14.2,2.9,38042
2026-08-24,2615,萬海,貨櫃航運,航運,False,11518,12,617,1143,-543,124.5,0.0,89461
2026-08-24,2603,長榮,貨櫃航運,航運,False,9343,12,161,176,314,250.5,-0.4,22432
2026-08-24,2301,光寶科,EMS,電子製造,False,8748,111,46,405,626,287.0,9.96,44389
2026-08-24,2886,兆豐金,金控,金融,False,12920,-3622,20,109,-83,46.85,-0.21,20203
2026-08-24,2610,華航,航空,航運,False,8379,190,0,142,263,20.5,0.49,29481
2026-08-24,2892,第一金,金控,金融,False,12784,-4483,14,17,-12,33.55,-0.3,23922
2026-08-24,2337,旺宏,記憶體,半導體,False,7830,0,87,180,274,124.0,1.22,39966
2026-08-24,8112,至上,通路,通路,False,7547,0,345,210,514,95.4,2.03,18117
2026-08-24,2353,宏碁,電腦品牌,電子製造,False,7345,22,0,51,155,31.1,1.3,12582
2026-08-24,2812,台中銀,其他,其他,False,7127,-6,0,0,0,19.05,1.06,11363
2026-08-24,2618,長榮航,航空,航運,False,6462,-112,40,168,152,42.65,0.12,20270
2026-08-24,3045,台灣大,電信,電信,False,5735,12,22,0,0,115.0,0.0,9496
2026-08-24,1605,華新,電線電纜,電機傳產,False,4880,0,36,478,567,38.1,2.14,31646
2026-08-24,1216,統一,食品,傳統產業,False,4808,-98,0,172,-118,77.4,-0.13,12986
2026-08-24,3706,神達,電腦周邊,電子製造,False,3241,1197,30,51,70,92.1,2.33,9405
2026-08-24,2312,金寶,電腦品牌,電子製造,False,3669,0,44,52,156,31.75,2.25,13286
2026-08-24,3006,晶豪科,IC設計,半導體,False,3789,0,228,150,156,282.0,9.94,17666
2026-08-24,2515,中工,其他,其他,False,3522,0,0,0,51,12.0,0.0,6582
2026-08-24,2009,第一銅,其他,其他,False,3108,0,0,105,7,41.9,5.28,8264
2026-08-24,2449,京元電子,封測,半導體,False,3722,-683,94,109,26,239.0,3.02,13269
2026-08-24,6226,光鼎,其他,其他,False,2919,0,10,0,0,23.3,9.91,19067
2026-08-24,8150,南茂,封測,半導體,False,2799,0,33,22,104,87.7,1.15,14493
2026-08-24,8271,宇瞻,其他,其他,False,2500,0,49,18,55,235.5,1.29,8274
2026-08-24,8422,可寧衛*,環保,綠能,False,2410,0,0,1,0,27.2,1.3,5444
2026-08-24,5871,中租-KY,其他,其他,False,2386,8,2,137,-123,115.5,0.0,5094
2026-08-24,2351,順德,被動元件,半導體,False,2090,0,13,203,17,200.5,9.56,7898
2026-08-24,3532,台勝科,其他,其他,False,889,1008,16,84,28,376.5,9.93,7236
2026-08-24,2377,微星,其他,其他,False,1954,-53,14,287,138,144.0,1.77,6263
2026-08-24,3034,聯詠,IC設計,半導體,False,1838,-44,2,94,194,542.0,2.26,3982
2026-08-24,2027,大成鋼,特殊鋼,金屬原料,False,1865,-3,24,165,152,51.0,1.39,15833
2026-08-24,2481,強茂,IC設計,半導體,False,1899,0,56,84,-44,134.0,0.75,9411
2026-08-24,2606,裕民,散裝航運,航運,False,1986,-71,400,259,-101,72.3,-0.41,14604
2026-08-24,2392,正崴,其他,其他,False,1364,0,50,40,354,44.25,6.37,7794
2026-08-24,2356,英業達,EMS,電子製造,False,1703,-115,4,211,181,66.1,0.61,12846
2026-08-24,5880,合庫金,金控,金融,False,1710,-12,0,4,0,25.0,-0.2,7888
2026-08-24,2464,盟立,其他,其他,False,1336,180,0,107,204,187.5,4.75,11959
2026-08-24,3033,威健,其他,其他,False,2082,0,145,346,-262,46.8,2.97,5310
2026-08-24,1608,華榮,其他,其他,False,1636,0,14,2,16,36.7,2.37,6270
2026-08-24,2030,彰源,其他,其他,False,1500,0,1,0,0,23.0,3.14,6543
2026-08-24,3026,禾伸堂,其他,其他,False,-235,1665,28,101,1,643.0,0.63,12901
2026-08-24,2340,台亞,其他,其他,False,1315,0,20,48,49,32.15,3.04,5924
2026-08-24,3711,日月光投控,封測,半導體,False,563,1011,135,104,-72,592.0,0.85,7758
2026-08-24,6213,聯茂,PCB,PCB,False,2202,-840,347,194,30,482.5,-5.95,17393
2026-08-24,2382,廣達,伺服器,科技硬體,False,1178,107,60,4,82,325.0,1.09,5764
2026-08-24,4938,和碩,EMS,電子製造,False,1348,-24,0,12,7,89.3,0.79,4123
2026-08-24,9105,泰金寶-DR,其他,其他,False,1244,0,0,310,-107,8.42,0.0,20277
2026-08-24,2369,菱生,封測,半導體,False,1078,0,6,12,9,32.2,4.72,8377
2026-08-24,2646,星宇航空,其他,其他,False,905,0,0,0,4,21.3,0.0,2738
2026-08-24,2465,麗臺,其他,其他,False,850,0,4,0,0,91.7,6.75,5091
2026-08-24,2504,國產,其他,其他,False,801,0,0,0,0,31.9,1.92,1801
2026-08-24,2617,台航,其他,其他,False,839,0,50,0,7,31.75,-0.16,3000
2026-08-24,3094,聯傑,其他,其他,False,774,0,0,0,0,38.0,6.29,2589
2026-08-24,2399,映泰,其他,其他,False,638,0,0,9,77,47.75,4.49,13956
2026-08-24,2101,南港,其他,其他,False,687,0,0,3,-3,33.5,0.75,1337
2026-08-24,1434,福懋,其他,其他,False,692,0,25,0,0,17.75,-1.93,4746
2026-08-24,2897,王道銀行,金控,金融,False,642,0,0,0,0,10.25,0.0,1607
2026-08-24,3653,健策,其他,其他,False,556,81,22,59,-12,5155.0,-4.45,1962
2026-08-24,2903,遠百,其他,其他,False,641,0,0,0,0,22.8,0.0,1699
2026-08-24,6214,精誠,其他,其他,False,641,0,4,14,-14,179.5,0.0,1775
2026-08-24,4904,遠傳,電信,電信,False,1222,-613,0,6,-6,101.5,-0.98,4418
2026-08-24,2362,藍天,其他,其他,False,579,0,0,2,0,48.85,3.17,1427
2026-08-24,2329,華泰,IC設計,半導體,False,455,0,16,46,104,43.7,1.27,2306
2026-08-24,2034,允強,其他,其他,False,547,0,3,3,-3,20.5,0.24,1115
2026-08-24,3022,威強電,其他,其他,False,529,0,5,5,7,93.8,3.99,1846
2026-08-24,3376,新日興,其他,其他,False,368,0,0,30,32,186.5,1.91,2406
2026-08-24,2455,全新,IC設計,半導體,False,107,-5,53,32,232,381.5,-6.03,3076
2026-08-24,9921,巨大,其他,其他,False,607,0,114,36,-35,104.0,-3.26,2801
2026-08-24,6239,力成,封測,半導體,False,255,-12,237,126,-46,269.5,0.75,8593
2026-08-24,2612,中航,其他,其他,False,474,0,1,10,-9,60.3,0.17,2003
2026-08-24,3029,零壹,其他,其他,False,423,0,0,0,39,113.5,2.25,1034
2026-08-24,2633,台灣高鐵,其他,其他,False,345,115,0,0,0,26.2,0.19,1463
2026-08-24,5607,遠雄港,其他,其他,False,426,0,6,0,0,55.5,-0.72,2416
2026-08-24,3017,奇鋐,散熱,科技硬體,False,384,46,22,35,29,2855.0,-0.35,2268
2026-08-24,3702,大聯大,其他,其他,False,-1033,1280,14,32,1,111.0,0.0,9956
2026-08-24,8070,長華*,其他,其他,False,443,0,0,10,-6,49.0,0.41,2059
2026-08-24,2354,鴻準,其他,其他,False,402,-1,4,33,38,60.5,0.5,2904
2026-08-24,1319,東陽,其他,其他,False,404,0,0,2,-2,82.6,-0.24,1122
2026-08-24,1904,正隆,其他,其他,False,414,0,10,7,0,25.75,0.19,3242
2026-08-24,3024,憶聲,其他,其他,False,414,0,3,0,0,14.5,4.69,2178
2026-08-24,8261,富鼎,其他,其他,False,355,0,1,32,11,177.5,0.0,2950
2026-08-24,2723,美食-KY,其他,其他,False,418,0,23,0,0,77.5,5.87,1877
2026-08-24,7711,永擎,其他,其他,False,367,0,1,3,17,497.5,7.8,1969
2026-08-24,1598,岱宇,其他,其他,False,385,0,2,0,0,20.95,3.2,703
2026-08-24,9910,豐泰,其他,其他,False,365,14,1,0,2,71.0,0.85,959
2026-08-24,6189,豐藝,其他,其他,False,375,0,1,0,2,49.45,2.81,565
2026-08-24,2357,華碩,電腦品牌,電子製造,False,366,-27,4,27,37,923.0,0.22,1674
2026-08-24,3037,欣興,PCB,PCB,False,546,-172,54,173,-16,1075.0,-0.92,10751
2026-08-24,2913,農林,其他,其他,False,354,0,0,0,0,11.25,-0.44,1449
2026-08-24,2820,華票,其他,其他,False,352,0,0,0,0,16.45,0.3,998
2026-08-24,1609,大亞,其他,其他,False,334,0,10,17,17,37.35,0.81,2523
2026-08-24,2029,盛餘,其他,其他,False,297,0,0,0,0,22.45,1.13,754
2026-08-24,1102,亞泥,水泥,傳統產業,False,461,31,182,0,0,34.8,-0.43,6518
2026-08-24,1718,中纖,其他,其他,False,191,0,55,13,107,10.75,0.47,16377
2026-08-24,3703,欣陸,其他,其他,False,311,0,0,0,0,19.8,-0.25,1744
2026-08-24,1229,聯華,其他,其他,False,310,0,0,1,-1,41.9,-1.18,1453
2026-08-24,2305,全友,其他,其他,False,304,0,0,2,0,26.65,2.5,2230
2026-08-24,9941,裕融,其他,其他,False,119,101,0,0,0,85.9,0.59,785
2026-08-24,2379,瑞昱,IC設計,半導體,False,302,-11,1,13,-1,716.0,0.28,927
2026-08-24,2495,普安,其他,其他,False,310,0,21,19,-18,37.5,0.94,1008
2026-08-24,2105,正新,汽車,汽車,False,298,29,5,64,-60,31.45,-0.32,2593
2026-08-24,5285,界霖,其他,其他,False,245,0,0,0,0,77.9,3.18,1171
2026-08-24,9907,統一實,其他,其他,False,253,0,0,0,0,15.3,0.0,809
2026-08-24,1409,新纖,其他,其他,False,231,0,0,71,-19,24.3,-0.82,8256
2026-08-24,2395,研華,工業電腦,科技硬體,False,256,-1,10,11,-4,658.0,1.39,1484
2026-08-24,2233,宇隆,其他,其他,False,236,0,0,7,-1,174.5,-1.41,920
2026-08-24,1563,巧新,其他,其他,False,227,0,3,0,0,63.0,-0.79,1278
2026-08-24,6757,台灣虎航,其他,其他,False,225,0,0,1,-1,56.0,0.36,754
2026-08-24,2385,群光,其他,其他,False,217,3,0,0,2,105.5,-0.47,1005
2026-08-24,1612,宏泰,其他,其他,False,222,0,0,0,0,34.7,0.14,526
2026-08-24,3035,智原,其他,其他,False,170,0,8,17,26,170.0,0.29,1652
2026-08-24,4919,新唐,其他,其他,False,132,-2,2,25,90,116.0,1.75,3214
2026-08-24,2393,億光,其他,其他,False,751,-369,162,4,-4,65.4,1.08,1338
2026-08-24,3712,永崴投控,其他,其他,False,213,0,0,0,0,20.7,0.24,1117
2026-08-24,6133,金橋,其他,其他,False,204,0,0,0,0,22.4,0.9,434
2026-08-24,5243,乙盛-KY,其他,其他,False,207,0,4,10,-2,89.3,2.29,801
2026-08-24,5521,工信,其他,其他,False,198,0,0,0,0,11.05,0.91,2056
2026-08-24,2474,可成,其他,其他,False,230,7,0,45,-38,204.5,0.49,1747
2026-08-24,2421,建準,其他,其他,False,177,0,2,5,14,143.5,0.7,1242
2026-08-24,4960,誠美材,其他,其他,False,190,0,3,0,0,20.85,-0.24,1259
2026-08-24,2852,第一保,其他,其他,False,188,0,0,0,0,29.2,0.0,757
2026-08-24,4540,全球傳動,其他,其他,False,185,0,0,0,0,56.8,-1.73,997
2026-08-24,1616,億泰,其他,其他,False,184,0,0,0,0,19.6,1.03,344
2026-08-24,6271,同欣電,其他,其他,False,59,0,10,30,108,193.0,0.26,1935
2026-08-24,1217,愛之味,其他,其他,False,175,0,0,0,0,10.05,0.0,466
2026-08-24,2010,春源,其他,其他,False,167,0,0,0,6,22.8,-0.65,606
2026-08-24,3443,創意,IC設計,半導體,False,-48,208,26,58,17,5365.0,-4.2,1656
2026-08-24,1907,永豐餘,其他,其他,False,135,0,18,0,0,31.0,-0.64,1218
2026-08-24,6768,志強-KY,其他,其他,False,171,0,0,0,0,65.9,1.07,280
2026-08-24,6120,達運,其他,其他,False,136,0,0,0,0,12.6,0.4,1050
2026-08-24,6834,天二科技,其他,其他,False,167,0,0,3,1,89.9,0.22,1389
2026-08-24,3052,夆典,其他,其他,False,162,0,0,0,0,11.25,0.9,465
2026-08-24,1449,佳和,其他,其他,False,162,0,0,2,0,12.55,2.03,436
2026-08-24,2033,佳大,其他,其他,False,159,0,0,0,0,22.0,0.0,604
2026-08-24,1522,堤維西,其他,其他,False,155,0,0,0,0,28.3,0.89,338
2026-08-24,6962,奕力-KY,其他,其他,False,150,0,0,0,1,31.35,0.48,1491
2026-08-24,1590,亞德客-KY,其他,其他,False,152,0,2,5,0,1435.0,0.0,445
2026-08-24,2347,聯強,封測,半導體,False,119,33,0,14,-14,88.3,0.91,1514
2026-08-24,6206,飛捷,其他,其他,False,114,0,0,8,25,139.0,0.36,1756
2026-08-24,2014,中鴻,其他,其他,False,142,0,0,0,0,17.3,-1.14,1415
2026-08-24,2912,統一超,其他,其他,False,206,-5,0,60,-59,223.5,0.0,2490
2026-08-24,6782,視陽,其他,其他,False,91,0,0,0,11,210.0,3.96,383
2026-08-24,2434,統懋,其他,其他,False,136,0,0,0,0,53.5,9.97,869
2026-08-24,6202,盛群,其他,其他,False,134,0,0,0,0,56.2,0.18,750
2026-08-24,3545,敦泰,其他,其他,False,130,0,0,0,0,50.2,0.2,474
2026-08-24,6873,泓德能源,其他,其他,False,122,0,0,1,7,68.6,-0.58,422
2026-08-24,2538,基泰,其他,其他,False,130,0,0,0,0,9.07,-0.66,430
2026-08-24,2472,立隆電,其他,其他,False,123,0,0,2,6,220.0,0.92,981
2026-08-24,6443,元晶,太陽能,綠能,False,123,0,2,0,0,25.85,-0.39,2910
2026-08-24,6451,訊芯-KY,其他,其他,False,141,0,0,34,-14,400.0,-4.31,2696
2026-08-24,1712,興農,其他,其他,False,123,0,0,0,0,39.8,0.63,726
2026-08-24,2915,潤泰全,其他,其他,False,113,-1,0,2,-1,59.7,-2.29,4564
2026-08-24,2546,根基,其他,其他,False,114,0,0,4,0,107.0,-6.55,526
2026-08-24,2425,承啟,其他,其他,False,119,0,1,0,0,37.9,0.93,1137
2026-08-24,2342,茂矽,其他,其他,False,120,0,0,1,0,38.7,0.13,2354
2026-08-24,2836,高雄銀,其他,其他,False,120,0,0,0,0,12.1,0.0,938
2026-08-24,2059,川湖,其他,其他,False,36,86,7,20,-3,14410.0,7.66,564
2026-08-24,2302,麗正,其他,其他,False,115,0,0,0,0,42.65,0.47,1873
2026-08-24,6196,帆宣,其他,其他,False,130,0,0,19,-13,493.0,0.51,435
2026-08-24,4927,泰鼎-KY,其他,其他,False,119,0,3,0,0,34.7,4.99,3516
2026-08-24,3714,富采,其他,其他,False,77,0,21,23,0,57.2,-0.17,12114
2026-08-24,3515,華擎,其他,其他,False,114,0,0,2,-1,221.0,1.14,323
2026-08-24,3622,洋華,其他,其他,False,114,0,1,6,0,53.8,8.03,1731
2026-08-24,6933,AMAX-KY,其他,其他,False,112,0,0,0,0,194.5,4.85,543
2026-08-24,6446,藥華藥,其他,其他,False,87,-1,20,0,1,1475.0,5.36,3304
2026-08-24,1802,台玻,玻璃,傳統產業,False,5,0,106,50,171,56.9,-1.22,17990
2026-08-24,2032,新鋼,其他,其他,False,108,0,0,0,0,17.35,0.29,775
2026-08-24,9802,鈺齊-KY,其他,其他,False,105,0,1,0,0,72.2,0.98,460
2026-08-24,2753,八方雲集,其他,其他,False,103,0,0,0,0,188.5,0.27,260
2026-08-24,1806,冠軍,其他,其他,False,104,0,0,0,0,8.02,-0.5,311
2026-08-24,6442,光聖,其他,其他,False,112,0,31,6,-5,1460.0,-4.26,1111
2026-08-24,6415,矽力*-KY,IC設計,半導體,False,65,0,10,20,19,450.0,1.01,1675
2026-08-24,1603,華電,其他,其他,False,91,0,0,0,0,31.1,0.97,168
2026-08-24,5515,建國,其他,其他,False,90,0,0,2,-1,53.4,-4.13,838
2026-08-24,2439,美律,其他,其他,False,107,0,5,14,-14,82.4,-0.12,1349
2026-08-24,1524,耿鼎,其他,其他,False,91,0,0,0,0,27.45,0.0,213
2026-08-24,3051,力特,其他,其他,False,96,0,5,0,0,23.05,1.99,541
2026-08-24,1218,泰山,其他,其他,False,97,0,8,0,0,14.55,-1.02,1073
2026-08-24,2405,輔信,其他,其他,False,86,0,0,0,0,15.5,0.32,871
2026-08-24,2069,運錩,其他,其他,False,85,0,0,0,0,20.75,1.97,676
2026-08-24,2462,良得電,其他,其他,False,86,0,0,0,0,19.55,-0.26,190
2026-08-24,8046,南電,IC設計,半導體,False,89,44,187,196,-55,1135.0,0.0,7449
2026-08-24,2534,宏盛,其他,其他,False,85,0,0,0,0,17.25,-0.58,269
2026-08-24,9919,康那香,其他,其他,False,85,0,0,0,0,13.85,-1.07,198
2026-08-24,8442,威宏-KY,其他,其他,False,84,0,0,0,0,49.45,5.55,241
2026-08-24,6949,沛爾生醫-創,其他,其他,False,122,0,1,44,-38,1235.0,6.93,534
2026-08-24,8011,台通,其他,其他,False,84,0,1,0,0,16.1,0.62,221
2026-08-24,2483,百容,其他,其他,False,81,0,0,0,0,36.1,0.0,577
2026-08-24,6861,睿生光電,其他,其他,False,78,0,0,4,0,187.5,0.27,349
2026-08-24,8215,明基材,其他,其他,False,79,0,0,1,-1,23.85,-0.42,267
2026-08-24,8033,雷虎,其他,其他,False,79,0,0,2,-2,185.0,-0.27,683
2026-08-24,2816,旺旺保,其他,其他,False,73,0,0,0,0,37.35,-1.45,761
2026-08-24,5283,禾聯碩,其他,其他,False,73,0,0,0,0,59.2,2.25,163
2026-08-24,3013,晟銘電,其他,其他,False,65,0,0,6,7,84.9,2.41,696
2026-08-24,8104,錸寶,其他,其他,False,74,0,1,0,0,30.75,0.16,266
2026-08-24,5258,虹堡,其他,其他,False,74,0,3,0,0,48.0,0.84,305
2026-08-24,5534,長虹,其他,其他,False,-508,313,5,5,-1,80.2,-0.25,2612
2026-08-24,2608,嘉里大榮,其他,其他,False,70,0,0,5,0,28.7,-0.35,340
2026-08-24,2480,敦陽科,其他,其他,False,70,0,0,1,-1,160.5,0.31,110
2026-08-24,3049,精金,其他,其他,False,69,0,0,20,-6,12.7,9.96,10131
2026-08-24,2020,美亞,其他,其他,False,66,0,0,0,0,21.95,0.69,264
2026-08-24,5434,崇越,其他,其他,False,110,-40,5,1,0,521.0,1.56,345
2026-08-24,3550,聯穎,其他,其他,False,58,0,0,0,0,23.0,-0.22,919
2026-08-24,8103,瀚荃,其他,其他,False,151,0,4,126,-106,97.2,3.4,6471
2026-08-24,2457,飛宏,其他,其他,False,68,0,0,8,-5,22.9,-0.43,735
2026-08-24,1414,東和,其他,其他,False,62,0,1,0,0,19.35,-5.61,417
2026-08-24,4766,南寶,其他,其他,False,49,0,0,0,11,353.5,0.28,221
2026-08-24,3501,維熹,其他,其他,False,61,0,0,0,0,39.9,-0.25,105
2026-08-24,6409,旭隼,其他,其他,False,56,-1,0,7,5,1010.0,1.51,205
2026-08-24,3062,建漢,其他,其他,False,54,0,1,1,3,20.55,0.0,1436
2026-08-24,1720,生達,其他,其他,False,60,0,0,0,0,57.1,-0.17,256
2026-08-24,2607,榮運,其他,其他,False,59,0,0,1,0,52.3,-0.19,845
2026-08-24,9925,新保,其他,其他,False,57,0,0,0,0,40.15,1.13,683
2026-08-24,6552,易華電,其他,其他,False,57,0,0,0,0,25.2,1.41,116
2026-08-24,9938,百和,其他,其他,False,39,0,6,0,0,42.4,-0.35,523
2026-08-24,7795,長廣,其他,其他,False,45,0,1,0,0,568.0,0.53,749
2026-08-24,2461,光群雷,其他,其他,False,42,0,0,0,0,18.2,0.28,375
2026-08-24,6224,聚鼎,其他,其他,False,54,0,0,0,0,76.8,1.86,1395
2026-08-24,3059,華晶科,其他,其他,False,57,0,0,3,-3,39.2,0.0,915
2026-08-24,2417,圓剛,其他,其他,False,50,0,1,0,0,43.2,-0.92,547
2026-08-24,9905,大華,其他,其他,False,52,0,0,0,0,21.5,0.0,126
2026-08-24,6285,啟碁,網通,科技硬體,False,71,-6,2,57,-11,230.5,-2.12,2223
2026-08-24,2460,建通,其他,其他,False,51,0,0,0,0,28.9,0.35,255
2026-08-24,8210,勤誠,其他,其他,False,179,-146,5,8,18,967.0,2.44,995
2026-08-24,6885,全福生技,其他,其他,False,51,0,0,0,0,20.9,0.97,140
2026-08-24,2528,皇普,其他,其他,False,51,0,0,0,0,20.45,-0.49,186
2026-08-24,2427,三商電,其他,其他,False,50,0,0,0,0,22.15,-0.67,202
2026-08-24,3592,瑞鼎,其他,其他,False,49,-1,0,0,1,224.5,0.45,240
2026-08-24,3010,華立,其他,其他,False,39,0,0,0,1,126.5,-0.39,199
2026-08-24,3014,聯陽,其他,其他,False,48,-1,0,1,2,129.5,-0.38,365
2026-08-24,3028,增你強,其他,其他,False,48,-6,0,3,0,66.7,-0.6,870
2026-08-24,6526,達發,其他,其他,False,49,-1,0,3,0,578.0,1.05,244
2026-08-24,2022,聚亨,其他,其他,False,57,0,13,0,0,7.77,0.0,275
2026-08-24,8476,台境*,其他,其他,False,46,0,0,0,0,20.05,0.0,216
2026-08-24,3023,信邦,其他,其他,False,67,0,31,0,0,318.0,-0.16,459
2026-08-24,2206,三陽工業,其他,其他,False,51,0,8,0,0,64.0,-0.47,430
2026-08-24,5471,松翰,其他,其他,False,29,0,2,2,1,56.1,-0.71,834
2026-08-24,7749,意騰-KY,其他,其他,False,34,0,0,0,0,382.0,9.93,200
2026-08-24,3027,盛達,其他,其他,False,41,0,1,0,0,18.05,-0.28,143
2026-08-24,9935,慶豐富,其他,其他,False,40,0,0,0,0,20.3,0.25,191
2026-08-24,4562,穎漢,其他,其他,False,39,0,0,0,0,31.1,-0.16,87
2026-08-24,2360,致茂,其他,其他,False,70,-28,3,7,-1,2070.0,-1.43,869
2026-08-24,2429,銘旺科,其他,其他,False,38,0,0,0,0,32.7,2.35,287
2026-08-24,2038,海光,其他,其他,False,37,0,0,0,0,12.9,1.18,123
2026-08-24,6165,浪凡,其他,其他,False,37,0,0,0,0,47.85,-0.52,190
2026-08-24,6438,迅得,其他,其他,False,39,0,0,3,-3,143.5,-0.35,164
2026-08-24,2597,潤弘,其他,其他,False,37,0,0,0,0,168.5,-0.59,125
2026-08-24,2908,特力,其他,其他,False,36,0,0,0,0,22.0,0.23,198
2026-08-24,3518,柏騰,其他,其他,False,36,0,0,0,0,27.4,-1.62,183
2026-08-24,6854,錼創科技-KY創,其他,其他,False,37,0,1,17,-1,90.9,-0.44,168
2026-08-24,1618,合機,其他,其他,False,34,0,0,0,0,39.4,0.77,456
2026-08-24,1536,和大,其他,其他,False,28,0,0,7,5,49.1,-0.3,673
2026-08-24,4771,望隼,其他,其他,False,27,0,0,0,0,200.5,0.75,125
2026-08-24,8404,百和興業-KY,其他,其他,False,35,0,0,0,0,16.2,-1.82,138
2026-08-24,3209,全科,其他,其他,False,23,0,0,1,0,52.2,1.56,2038
2026-08-24,2107,厚生,其他,其他,False,28,0,3,0,0,26.65,-0.37,349
2026-08-24,6405,悅城,其他,其他,False,34,0,0,1,0,38.15,-2.18,362
2026-08-24,6155,鈞寶,其他,其他,False,38,0,0,5,-5,55.8,-1.59,818
2026-08-24,6776,展碁國際,其他,其他,False,34,0,1,0,0,53.5,0.0,60
2026-08-24,6591,動力-KY,其他,其他,False,32,0,0,0,0,42.85,0.0,63
2026-08-24,3591,艾笛森,其他,其他,False,39,0,6,0,0,21.4,3.38,596
2026-08-24,5244,弘凱,其他,其他,False,32,0,0,0,0,34.1,0.15,142
2026-08-24,1732,毛寶,其他,其他,False,32,0,0,0,0,26.35,0.19,134
2026-08-24,7689,大鵬科CLMX,其他,其他,False,83,0,52,0,0,180.0,4.65,351
2026-08-24,9924,福興,其他,其他,False,30,0,0,0,0,38.8,0.91,149
2026-08-24,4414,如興,其他,其他,False,25,0,0,0,0,8.41,-0.83,76
2026-08-24,6625,必應,其他,其他,False,30,0,0,0,0,77.1,1.05,79
2026-08-24,9136,巨騰-DR,其他,其他,False,30,0,0,0,0,11.35,0.89,591
2026-08-24,3645,達邁,其他,其他,False,31,0,0,2,-1,65.2,0.31,483
2026-08-24,8374,羅昇,其他,其他,False,33,0,0,3,-3,81.4,0.74,240
2026-08-24,2062,橋椿,其他,其他,False,28,0,0,0,0,19.25,0.52,94
2026-08-24,8222,寶一,其他,其他,False,28,0,0,0,0,38.7,-2.03,396
2026-08-24,4582,聚恆-創,其他,其他,False,29,0,4,7,-1,23.6,-0.42,125
2026-08-24,5484,慧友,其他,其他,False,28,0,0,0,0,40.8,2.0,203
2026-08-24,1723,中碳,其他,其他,False,38,0,0,13,-11,88.4,0.11,577
2026-08-24,1540,喬福,其他,其他,False,28,0,1,0,0,19.2,0.52,101
2026-08-24,4560,強信-KY,其他,其他,False,29,0,2,0,0,33.15,0.45,525
2026-08-24,3701,大眾控,其他,其他,False,17,0,0,0,9,39.8,-2.33,508
2026-08-24,6869,雲豹能源,其他,其他,False,26,0,0,0,0,66.6,-0.75,236
2026-08-24,2049,上銀,其他,其他,False,59,0,2,147,-33,343.5,-1.58,2903
2026-08-24,1337,再生-KY,其他,其他,False,26,0,0,0,0,4.64,-0.85,188
2026-08-24,2415,錩新,其他,其他,False,26,0,0,0,0,30.15,-0.5,282
2026-08-24,8454,富邦媒,其他,其他,False,27,0,0,10,-2,251.0,0.2,264
2026-08-24,1321,大洋,其他,其他,False,25,0,0,0,0,32.3,0.0,56
2026-08-24,1528,恩德,其他,其他,False,24,0,0,0,0,18.65,0.27,391
2026-08-24,1702,南僑,其他,其他,False,24,0,0,0,0,33.05,0.0,129
2026-08-24,3047,訊舟,其他,其他,False,24,0,0,0,0,13.75,-0.72,289
2026-08-24,1464,得力,其他,其他,False,23,0,0,0,0,10.35,0.49,147
2026-08-24,6890,來億-KY,其他,其他,False,21,0,0,1,0,163.5,2.83,96
2026-08-24,6592,和潤企業,其他,其他,False,21,0,0,0,0,61.2,-0.49,341
2026-08-24,3016,嘉晶,其他,其他,False,-15,0,10,29,44,100.0,1.63,5558
2026-08-24,8341,日友,其他,其他,False,30,0,9,0,0,76.5,-0.13,149
2026-08-24,5907,大洋-KY,其他,其他,False,21,0,0,0,0,4.98,0.4,114
2026-08-24,4952,凌通,其他,其他,False,21,0,4,0,0,50.6,-0.78,338
2026-08-24,5288,豐祥-KY,其他,其他,False,15,5,0,0,0,190.0,-0.52,42
2026-08-24,3002,歐格,其他,其他,False,21,0,1,0,0,17.0,0.0,85
2026-08-24,9902,台火,其他,其他,False,8,0,0,0,0,13.9,0.36,121
2026-08-24,2207,和泰車,汽車,汽車,False,13,1,0,0,0,522.0,0.77,179
2026-08-24,6426,統新,其他,其他,False,19,0,0,4,-1,238.5,-1.04,1021
2026-08-24,6909,創控,其他,其他,False,18,0,0,0,0,40.0,0.0,148
2026-08-24,1506,正道,其他,其他,False,17,0,0,0,0,10.25,-0.49,128
2026-08-24,2832,台產,其他,其他,False,16,0,0,3,1,60.7,-1.3,135
2026-08-24,1773,勝一,其他,其他,False,11,0,2,0,6,160.0,0.31,389
2026-08-24,7730,暉盛-創,其他,其他,False,18,0,0,3,0,172.5,3.29,84
2026-08-24,1531,高林股,其他,其他,False,16,0,0,0,0,13.15,0.77,231
2026-08-24,2015,豐興,其他,其他,False,23,0,7,0,0,64.7,-0.15,96
2026-08-24,1503,士電,其他,其他,False,31,0,4,31,-15,199.5,-1.24,745
2026-08-24,3046,建碁,其他,其他,False,10,0,0,0,0,57.0,-1.89,251
2026-08-24,2471,資通,其他,其他,False,16,0,0,0,0,48.85,-0.1,82
2026-08-24,8081,致新,其他,其他,False,16,-1,0,2,-2,253.0,-1.56,279
2026-08-24,1466,聚隆,其他,其他,False,13,0,0,0,0,16.15,-0.31,278
2026-08-24,1476,儒鴻,其他,其他,False,45,3,22,10,-10,315.0,-0.94,866
2026-08-24,1436,華友聯,其他,其他,False,15,0,0,0,0,38.8,0.13,99
2026-08-24,1340,勝悅-KY,其他,其他,False,15,0,0,0,0,5.16,0.0,62
2026-08-24,7705,三商餐飲,其他,其他,False,8,0,0,0,0,30.9,-0.16,51
2026-08-24,7818,溢泰實業,其他,其他,False,15,0,0,0,0,62.6,0.16,69
2026-08-24,3092,鴻碩,其他,其他,False,14,0,0,0,0,24.55,2.29,211
2026-08-24,3138,耀登,其他,其他,False,14,0,0,2,0,92.7,-0.86,92
2026-08-24,9908,大台北,其他,其他,False,14,0,0,0,0,29.15,-0.17,109
2026-08-24,2028,威致,其他,其他,False,14,0,0,0,0,15.8,-0.63,83
2026-08-24,1805,寶徠,其他,其他,False,14,0,0,0,0,10.15,-0.49,97
2026-08-24,4961,天鈺,其他,其他,False,13,0,0,0,0,165.0,-0.6,158
2026-08-24,8016,矽創,其他,其他,False,27,-14,0,3,0,295.5,-0.17,371
2026-08-24,3015,全漢,其他,其他,False,9,0,1,0,0,52.5,-1.13,299
2026-08-24,2007,燁興,鋼鐵,金屬原料,False,13,0,0,0,0,7.07,-0.42,81
2026-08-24,3043,科風,其他,其他,False,9,0,0,0,0,21.2,0.95,68
2026-08-24,2431,聯昌,其他,其他,False,12,0,0,0,0,10.35,0.49,62
2026-08-24,2524,京城,其他,其他,False,12,0,0,0,0,35.1,-0.85,35
2026-08-24,3038,全台,其他,其他,False,12,0,0,0,0,20.6,0.0,50
2026-08-24,6112,邁達特,其他,其他,False,13,0,0,2,-2,44.55,0.34,112
2026-08-24,1617,榮星,其他,其他,False,11,0,0,0,0,17.35,-1.14,161
2026-08-24,2367,燿華,PCB,PCB,False,37,0,32,9,4,42.5,0.95,2931
2026-08-24,3050,鈺德,其他,其他,False,10,0,0,0,0,11.6,0.0,375
2026-08-24,8429,金麗-KY,其他,其他,False,10,0,0,0,0,6.03,-0.5,62
2026-08-24,2545,皇翔,其他,其他,False,10,0,0,0,0,34.7,0.0,139
2026-08-24,3040,遠見,其他,其他,False,9,0,0,0,0,38.4,-0.26,72
2026-08-24,6205,詮欣,其他,其他,False,9,0,0,0,0,59.8,-1.48,125
2026-08-24,9930,中聯資源,其他,其他,False,9,0,0,0,0,64.0,-0.16,68
2026-08-24,1339,昭輝,其他,其他,False,10,0,0,0,0,45.6,0.22,81
2026-08-24,1457,宜進,其他,其他,False,9,0,0,0,0,14.45,-0.34,19
2026-08-24,1438,三地開發,其他,其他,False,9,0,0,0,0,22.45,0.0,24
2026-08-24,1583,程泰,其他,其他,False,8,0,0,0,0,51.5,-0.39,45
2026-08-24,2250,IKKA-KY,其他,其他,False,9,0,0,0,0,59.9,-1.32,50
2026-08-24,6666,羅麗芬-KY,其他,其他,False,10,0,1,0,0,44.3,0.0,50
2026-08-24,5546,永固-KY,其他,其他,False,7,0,0,0,0,13.85,-1.07,57
2026-08-24,1906,寶隆,其他,其他,False,8,0,0,0,0,11.55,0.43,396
2026-08-24,6216,居易,其他,其他,False,9,0,0,0,0,22.4,0.22,64
2026-08-24,1752,南光,其他,其他,False,8,0,0,0,0,31.8,-0.62,31
2026-08-24,2012,春雨,其他,其他,False,8,0,0,0,0,14.95,-0.33,39
2026-08-24,1456,怡華,其他,其他,False,8,0,0,0,0,13.55,-2.87,29
2026-08-24,1512,瑞利,其他,其他,False,8,0,0,0,0,6.49,-1.37,116
2026-08-24,9931,欣高,其他,其他,False,8,0,0,0,0,34.05,0.0,13
2026-08-24,6906,現觀科,其他,其他,False,8,0,0,0,0,71.4,0.71,16
2026-08-24,6272,驊陞,其他,其他,False,7,0,0,0,0,23.25,-1.48,92
2026-08-24,8411,福貞-KY,其他,其他,False,7,0,0,0,0,12.9,0.78,22
2026-08-24,8249,菱光,其他,其他,False,7,0,0,0,0,40.0,-0.5,106
2026-08-24,7736,虎山,其他,其他,False,7,0,0,0,0,69.3,-2.26,24
2026-08-24,3679,新至陞,其他,其他,False,7,0,0,0,0,109.5,-0.45,21
2026-08-24,4552,力達-KY,其他,其他,False,7,0,0,0,0,17.6,-0.85,64
2026-08-24,2109,華豐,其他,其他,False,7,0,0,0,0,14.85,0.0,52
2026-08-24,8110,華東,其他,其他,False,21,0,0,28,-14,45.55,0.77,4629
2026-08-24,2543,皇昌,其他,其他,False,3,0,0,1,3,38.65,-0.77,414
2026-08-24,7750,新代,其他,其他,False,11,0,11,1,0,2140.0,-3.39,185
2026-08-24,7760,享溫馨,其他,其他,False,6,0,0,0,0,33.3,0.3,25
2026-08-24,8367,建新國際,其他,其他,False,6,0,0,0,0,40.95,0.24,19
2026-08-24,6835,圓裕,其他,其他,False,6,0,0,0,0,30.95,-0.48,18
2026-08-24,4133,亞諾法,其他,其他,False,6,0,0,0,0,20.8,0.24,124
2026-08-24,1725,元禎,其他,其他,False,7,0,1,0,0,31.35,0.64,15
2026-08-24,1445,大宇,其他,其他,False,5,0,0,0,0,10.5,-0.47,40
2026-08-24,3530,晶相光,其他,其他,False,6,0,0,0,0,56.2,1.08,64
2026-08-24,4438,廣越,其他,其他,False,-2,0,0,0,0,60.4,-0.49,63
2026-08-24,4737,華廣,其他,其他,False,5,0,0,0,0,56.5,-0.88,20
2026-08-24,6674,鋐寶科技,其他,其他,False,5,0,0,0,0,16.8,3.07,160
2026-08-24,8940,新天地,其他,其他,False,5,0,0,0,0,15.65,2.29,24
2026-08-24,7855,和運租車,其他,其他,False,5,0,0,0,0,43.65,0.23,858
2026-08-24,1525,江申,其他,其他,False,5,0,0,8,0,67.0,-0.45,46
2026-08-24,3021,鴻名,其他,其他,False,5,0,0,0,0,20.1,-0.25,42
2026-08-24,2380,虹光,其他,其他,False,5,0,0,0,0,19.2,-2.04,56
2026-08-24,1558,伸興,其他,其他,False,5,0,0,11,-1,102.5,2.5,110
2026-08-24,1446,宏和,其他,其他,False,4,0,0,0,0,13.6,-0.73,117
2026-08-24,2114,鑫永銓,其他,其他,False,4,0,0,0,0,88.4,-0.23,11
2026-08-24,6281,全國電,其他,其他,False,4,0,0,0,0,51.8,0.0,31
2026-08-24,6230,尼得科超眾,其他,其他,False,4,0,0,0,0,107.0,-0.47,9
2026-08-24,9943,好樂迪,其他,其他,False,4,0,0,0,0,51.6,0.0,27
2026-08-24,9927,泰銘,其他,其他,False,4,0,0,0,0,69.3,0.0,29
2026-08-24,4104,佳醫,其他,其他,False,4,0,0,0,0,71.8,0.14,51
2026-08-24,5225,東科-KY,其他,其他,False,3,0,2,0,0,59.6,0.0,193
2026-08-24,6243,迅杰,其他,其他,False,4,0,0,1,0,41.9,-0.36,714
2026-08-24,6794,向榮生技,其他,其他,False,3,0,0,0,0,75.0,4.46,67
2026-08-24,4440,宜新實業,其他,其他,False,3,0,0,0,0,17.5,0.0,34
2026-08-24,4545,銘鈺,其他,其他,False,3,0,0,0,0,32.3,0.47,59
2026-08-24,3311,閎暉,其他,其他,False,3,0,0,0,0,31.95,0.0,96
2026-08-24,2705,六福,其他,其他,False,1,0,0,0,0,15.9,-0.93,58
2026-08-24,2433,互盛電,其他,其他,False,3,0,0,0,0,41.7,-0.36,44
2026-08-24,1468,昶和,其他,其他,False,2,0,0,0,0,13.2,-0.38,62
2026-08-24,1459,聯發,其他,其他,False,-1,0,1,0,0,14.7,0.0,122
2026-08-24,1473,台南,其他,其他,False,3,0,0,0,0,20.0,0.25,20
2026-08-24,1615,大山,其他,其他,False,3,0,0,0,0,44.1,-0.79,45
2026-08-24,1463,強盛新,其他,其他,False,1,0,0,0,0,17.65,0.28,15
2026-08-24,3041,揚智,其他,其他,False,2,0,0,0,0,22.3,-0.45,490
2026-08-24,0051,元大中型100,其他,其他,False,0,0,0,3,2,142.35,0.25,35
2026-08-24,6957,裕慶-KY,其他,其他,False,4,0,2,0,0,215.5,-0.23,42
2026-08-24,6541,泰福-KY,其他,其他,False,2,0,0,0,0,36.35,-1.62,139
2026-08-24,6722,輝創,其他,其他,False,2,0,0,0,0,32.6,0.46,13
2026-08-24,9906,欣巴巴,其他,其他,False,4,0,2,0,0,39.05,-0.89,26
2026-08-24,4190,佐登-KY,其他,其他,False,2,0,0,0,0,25.15,0.0,11
2026-08-24,4588,玖鼎電力,其他,其他,False,3,0,1,0,0,51.7,-0.19,23
2026-08-24,9937,全國,其他,其他,False,2,0,0,0,0,55.0,-0.18,15
2026-08-24,1470,大統新創,其他,其他,False,2,0,0,0,0,23.8,0.42,24
2026-08-24,1454,台富,其他,其他,False,2,0,0,0,0,12.35,0.0,23
2026-08-24,1474,弘裕,其他,其他,False,2,0,0,0,0,10.05,-0.5,74
2026-08-24,1418,東華,其他,其他,False,2,0,0,0,0,17.85,0.56,15
2026-08-24,1614,三洋電,其他,其他,False,2,0,0,0,0,30.8,0.0,31
2026-08-24,2430,燦坤,其他,其他,False,2,0,0,0,0,17.8,0.56,48
2026-08-24,2373,震旦行,其他,其他,False,2,0,0,0,0,53.2,-0.37,23
2026-08-24,2901,欣欣,其他,其他,False,2,0,0,0,0,23.9,-0.42,4
2026-08-24,1432,大魯閣,其他,其他,False,1,0,0,0,0,15.0,-0.33,60
2026-08-24,2331,精英,其他,其他,False,-2,0,4,15,-12,19.6,-1.01,862
2026-08-24,2236,百達-KY,其他,其他,False,3,0,0,2,-2,122.0,0.0,81
2026-08-24,7631,聚賢研發-創,其他,其他,False,-2,0,0,0,3,144.5,-2.03,33
2026-08-24,6192,巨路,其他,其他,False,2,0,0,0,0,116.0,-0.43,66
2026-08-24,1786,科妍,其他,其他,False,2,0,0,0,0,49.9,-0.99,63
2026-08-24,8499,鼎炫-KY,其他,其他,False,1,0,0,0,0,265.0,0.0,1
2026-08-24,6781,AES-KY,其他,其他,False,2,0,1,6,0,1045.0,-0.48,221
2026-08-24,6902,GOGOLOOK,其他,其他,False,1,0,0,0,0,126.0,-0.4,54
2026-08-24,6958,日盛台駿,其他,其他,False,0,0,0,0,0,17.7,-0.28,5
2026-08-24,6965,中傑-KY,其他,其他,False,1,0,0,0,0,75.5,0.53,4
2026-08-24,6655,科定,其他,其他,False,1,0,0,0,0,114.5,-1.29,2
2026-08-24,6671,三能-KY,其他,其他,False,1,0,0,0,0,23.1,0.22,102
2026-08-24,6582,申豐,其他,其他,False,0,0,0,0,0,32.7,0.0,23
2026-08-24,6183,關貿,其他,其他,False,1,0,0,0,0,93.5,-0.11,16
2026-08-24,6128,上福,其他,其他,False,1,0,0,0,0,20.25,-1.22,26
2026-08-24,8487,愛爾達-創,其他,其他,False,1,0,0,0,0,71.3,0.56,6
2026-08-24,8463,潤泰材,其他,其他,False,1,0,0,0,0,21.35,-0.23,20
2026-08-24,8201,無敵,其他,其他,False,0,0,0,0,0,11.8,-1.26,13
2026-08-24,7803,雲象科技-創,其他,其他,False,2,0,2,7,0,19.6,0.0,28
2026-08-24,4439,冠星-KY,其他,其他,False,1,0,0,0,0,97.2,-1.32,19
2026-08-24,4569,六方科-KY,其他,其他,False,1,0,0,0,0,160.5,0.94,10
2026-08-24,4581,光隆精密-KY,其他,其他,False,1,0,0,0,0,47.75,-1.04,6
2026-08-24,3432,台端,其他,其他,False,1,0,0,0,0,14.6,-3.31,21
2026-08-24,3321,同泰,其他,其他,False,0,0,0,0,0,18.0,-0.83,94
2026-08-24,3164,景岳,其他,其他,False,1,0,0,0,0,15.95,0.31,5
2026-08-24,3168,眾福科,其他,其他,False,1,0,0,0,0,41.3,-0.72,6
2026-08-24,9944,新麗,其他,其他,False,1,0,0,0,0,17.5,0.0,17
2026-08-24,9928,中視,其他,其他,False,0,0,0,0,0,18.3,-0.81,99
2026-08-24,9929,秋雨,其他,其他,False,1,0,0,0,0,11.3,0.0,6
2026-08-24,2008,高興昌,鋼鐵,金屬原料,False,1,0,0,0,0,30.5,-1.61,12
2026-08-24,1817,凱撒衛,其他,其他,False,1,0,0,0,0,40.0,-0.12,16
2026-08-24,2024,志聯,其他,其他,False,1,0,0,0,0,13.55,1.12,3
2026-08-24,2239,英利-KY,其他,其他,False,1,0,0,0,0,19.9,-1.24,18
2026-08-24,2501,國建,其他,其他,False,-4,0,0,0,5,23.1,-0.22,1018
2026-08-24,2911,麗嬰房,其他,其他,False,1,0,0,0,0,6.68,-0.6,156
2026-08-24,2701,萬企,其他,其他,False,1,0,0,0,0,10.7,0.0,26
2026-08-24,1435,中福,其他,其他,False,1,0,0,0,0,22.8,-2.15,10
2026-08-24,1236,宏亞,其他,其他,False,1,0,0,0,0,25.5,-0.2,57
2026-08-24,1453,大將,其他,其他,False,1,0,0,0,0,11.25,-0.44,28
2026-08-24,1541,錩泰,其他,其他,False,1,0,0,0,0,21.75,-0.23,13
2026-08-24,6951,青新-創,其他,其他,False,2,0,0,1,-1,71.2,-0.84,18
2026-08-24,4119,旭富,其他,其他,False,1,0,0,0,0,51.9,-0.76,63
2026-08-24,2247,汎德永業,其他,其他,False,0,0,0,0,0,226.0,-0.22,4
2026-08-24,6589,台康生技,其他,其他,False,0,0,0,0,0,50.3,-1.76,514
2026-08-24,6641,基士德-KY,其他,其他,False,0,0,0,0,0,18.0,0.84,2
2026-08-24,6645,金萬林-創,其他,其他,False,1,0,0,1,-1,13.0,-0.38,10
2026-08-24,6581,鋼聯,其他,其他,False,0,0,0,0,0,108.5,0.0,15
2026-08-24,6952,大武山,其他,其他,False,0,0,0,0,0,37.85,0.66,3
2026-08-24,6923,中台,其他,其他,False,1,0,0,1,-1,76.7,-0.52,8
2026-08-24,6792,詠業,其他,其他,False,-1,0,0,0,0,58.2,-1.02,12
2026-08-24,6807,峰源-KY,其他,其他,False,0,0,0,0,0,35.15,-7.5,30
2026-08-24,6431,光麗-KY,其他,其他,False,0,0,0,0,0,19.7,-2.96,21
2026-08-24,8466,美吉吉-KY,其他,其他,False,0,0,0,0,0,15.8,0.0,3
2026-08-24,2702,華園,其他,其他,False,0,0,0,0,0,12.6,0.4,29
2026-08-24,2910,統領,其他,其他,False,1,0,1,0,0,24.45,0.0,1
2026-08-24,2904,匯僑,其他,其他,False,0,0,0,0,0,12.9,0.0,42
2026-08-24,3018,隆銘綠能,其他,其他,False,0,0,0,0,0,13.5,-3.23,79
2026-08-24,1423,利華,其他,其他,False,0,0,0,0,0,35.0,-2.23,7
2026-08-24,1323,永裕,其他,其他,False,0,0,0,0,0,21.6,0.0,8
2026-08-24,1413,宏洲,其他,其他,False,1,0,1,0,0,9.39,0.21,1
2026-08-24,1110,東泥,其他,其他,False,0,0,0,0,0,15.9,-1.24,138
2026-08-24,8101,華冠,其他,其他,False,0,0,0,0,0,14.2,7.98,16
2026-08-24,7823,奧義賽博-KY創,其他,其他,False,0,0,0,0,0,83.8,-0.24,15
2026-08-24,1220,台榮,其他,其他,False,0,0,1,1,0,10.95,0.0,86
2026-08-24,7827,漢康-KY創,其他,其他,False,2,0,3,9,0,159.0,-1.24,302
2026-08-24,7765,中華資安,其他,其他,False,-1,0,0,0,0,224.0,0.0,13
2026-08-24,6184,大豐電,其他,其他,False,-1,0,0,0,0,41.6,0.0,62
2026-08-24,6916,華凌,其他,其他,False,-1,0,0,0,0,18.65,-1.06,2
2026-08-24,6754,匯僑設計,其他,其他,False,-1,0,0,0,0,42.4,0.0,1
2026-08-24,4994,傳奇,其他,其他,False,-1,0,0,0,0,84.5,1.56,5
2026-08-24,4572,駐龍,其他,其他,False,-1,0,0,0,0,140.0,-0.36,8
2026-08-24,4557,永新-KY,其他,其他,False,-1,0,0,0,0,51.9,-0.76,6
2026-08-24,9918,欣天然,其他,其他,False,-1,0,0,0,0,43.3,0.0,6
2026-08-24,9912,偉聯,其他,其他,False,-1,0,0,0,0,12.85,-0.39,13
2026-08-24,1324,地球,其他,其他,False,-1,0,0,0,0,10.05,0.0,5
2026-08-24,1521,大億,其他,其他,False,-1,0,0,0,0,25.75,0.78,14
2026-08-24,1439,雋揚,其他,其他,False,-1,0,0,0,0,29.55,-0.34,17
2026-08-24,2945,三商家購,其他,其他,True,-1,0,0,0,0,40.0,-0.74,9
2026-08-24,2237,華德動能-創,其他,其他,False,-1,0,0,0,0,28.1,2.37,349
2026-08-24,2254,巨鎧精密-創,其他,其他,False,-4,0,0,8,3,58.6,-2.82,15
2026-08-24,1203,味王,其他,其他,False,-1,0,0,0,0,44.4,-1.22,3
2026-08-24,1213,大飲,其他,其他,False,-1,0,0,0,0,7.17,0.0,57
2026-08-24,1735,日勝化,其他,其他,False,-1,0,0,5,0,20.1,-1.71,65
2026-08-24,7822,倍利科,其他,其他,False,-3,0,0,0,2,915.0,-0.33,174
2026-08-24,2227,裕日車,其他,其他,False,-1,0,0,0,0,49.0,-0.1,13
2026-08-24,8462,柏文,其他,其他,False,-1,0,0,0,0,175.5,0.0,55
2026-08-24,4536,拓凱,其他,其他,False,-1,0,0,0,0,171.5,-0.29,98
2026-08-24,6771,平和環保-創,其他,其他,False,-2,0,0,0,0,43.65,1.51,62
2026-08-24,9926,新海,其他,其他,False,-2,0,0,0,0,49.3,0.0,7
2026-08-24,6614,資拓宏宇,其他,其他,False,-2,0,0,0,0,35.9,-0.14,8
2026-08-24,6924,榮惠-KY創,其他,其他,False,-2,0,0,2,0,114.0,-2.56,17
2026-08-24,6936,永鴻生技,其他,其他,False,-2,0,0,0,0,32.4,-1.52,15
2026-08-24,8467,波力-KY,其他,其他,False,-2,0,0,0,0,95.1,-1.86,8
2026-08-24,8482,商億-KY,其他,其他,False,-2,0,0,0,0,47.8,-3.14,6
2026-08-24,7791,皇家可口,其他,其他,False,-2,0,0,0,0,56.7,-0.53,10
2026-08-24,4148,全宇生技-KY,其他,其他,False,-2,0,0,0,0,31.9,0.0,9
2026-08-24,4949,有成精密,其他,其他,False,-2,0,0,0,0,70.0,0.29,238
2026-08-24,2424,隴華,其他,其他,False,-2,0,0,0,0,8.37,3.33,17
2026-08-24,2722,夏都,其他,其他,False,-2,0,0,0,0,22.05,-1.78,68
2026-08-24,1441,大東,其他,其他,False,-2,0,0,0,0,9.11,2.36,15
2026-08-24,1443,立益物流,其他,其他,False,-2,0,0,0,0,25.2,0.2,20
2026-08-24,1465,偉全,其他,其他,False,-2,0,0,0,0,12.05,-0.82,94
2026-08-24,1233,天仁,其他,其他,False,-2,0,0,0,0,28.35,0.0,19
2026-08-24,1315,達新,其他,其他,False,-2,0,0,0,0,66.2,-0.15,12
2026-08-24,1726,永記,其他,其他,False,-2,0,0,0,0,77.8,0.0,7
2026-08-24,4195,基米-創,其他,其他,False,-2,0,0,0,0,14.25,0.0,19
2026-08-24,6416,瑞祺電通,其他,其他,False,-2,0,0,0,0,99.0,-1.98,432
2026-08-24,1232,大統益,其他,其他,False,-2,0,0,0,0,157.0,-0.63,76
2026-08-24,1325,恆大,其他,其他,False,-3,0,0,0,0,26.1,-2.06,146
2026-08-24,1338,廣華-KY,其他,其他,False,-3,0,0,0,0,14.5,-1.36,49
2026-08-24,2642,宅配通,其他,其他,False,-5,0,0,0,0,20.6,-0.72,100
2026-08-24,2432,倚天酷碁-創,其他,其他,False,-1,0,2,0,0,27.65,1.1,15
2026-08-24,2496,卓越,其他,其他,False,-3,0,0,0,0,55.0,-0.18,17
2026-08-24,2013,中鋼構,其他,其他,False,-3,0,0,0,0,41.95,0.36,58
2026-08-24,6201,亞弘電,其他,其他,False,-3,0,0,0,0,44.8,0.0,17
2026-08-24,6887,寶綠特-KY,其他,其他,False,-3,0,0,0,0,37.2,0.27,34
2026-08-24,7835,永悅健康-創,其他,其他,False,-3,0,0,0,0,20.7,0.24,20
2026-08-24,7732,金興精密,其他,其他,False,0,0,3,0,0,34.7,-0.29,14
2026-08-24,3494,誠研,其他,其他,False,-3,0,0,0,0,7.1,0.0,101
2026-08-24,4571,鈞興-KY,其他,其他,False,-3,0,0,0,0,156.0,-1.27,96
2026-08-24,3338,泰碩,其他,其他,False,-3,0,2,0,0,60.9,-0.16,146
2026-08-24,6531,愛普*,其他,其他,False,1085,-1036,15,73,-42,845.0,-4.3,3613
2026-08-24,6525,捷敏-KY,其他,其他,False,-7,0,0,2,3,137.0,-0.72,915
2026-08-24,6955,邦睿生技-創,其他,其他,False,-2,0,0,4,-1,120.0,0.42,11
2026-08-24,8045,達運光電,其他,其他,False,-3,0,0,0,0,53.2,2.5,84
2026-08-24,8438,昶昕,其他,其他,False,-4,0,0,0,0,66.5,0.3,63
2026-08-24,6918,愛派司,其他,其他,False,-4,0,0,0,0,74.5,0.13,19
2026-08-24,6908,宏碁遊戲-創,其他,其他,False,-1,0,0,5,-3,30.25,-0.33,17
2026-08-24,6504,南六,其他,其他,False,-4,0,0,0,0,37.9,-1.04,13
2026-08-24,3266,昇陽,其他,其他,False,-4,0,0,0,0,14.0,0.0,17
2026-08-24,4178,永笙-KY,其他,其他,False,-4,0,0,0,0,17.3,-1.42,61
2026-08-24,5538,東明-KY,其他,其他,False,-4,0,3,0,0,37.35,0.13,90
2026-08-24,2477,美隆電,其他,其他,False,-4,0,0,0,0,20.7,-0.72,70
2026-08-24,2438,翔耀,其他,其他,False,-5,0,1,0,0,18.2,1.68,33
2026-08-24,2450,神腦,其他,其他,False,-4,0,0,0,0,28.25,0.0,33
2026-08-24,2444,兆勁,其他,其他,False,-6,0,0,0,0,10.9,-0.91,138
2026-08-24,1539,巨庭,其他,其他,False,-3,0,1,0,0,15.85,-0.31,22
2026-08-24,1516,川飛,其他,其他,False,-4,0,0,0,0,14.6,-3.95,12
2026-08-24,1225,福懋油,其他,其他,False,-4,0,0,0,0,24.65,-0.4,36
2026-08-24,6921,嘉雨思-創,其他,其他,False,-5,0,0,0,0,68.9,-1.15,9
2026-08-24,6414,樺漢,其他,其他,False,13,0,16,11,-6,395.5,0.13,803
2026-08-24,6862,三集瑞-KY,其他,其他,False,-2,0,0,1,-1,137.0,0.0,75
2026-08-24,2383,台光電,其他,其他,False,147,-193,16,36,24,5430.0,-4.4,1846
2026-08-24,4583,台灣精銳,其他,其他,False,-4,0,0,0,0,471.0,0.0,54
2026-08-24,5007,三星,其他,其他,False,-5,0,0,0,0,56.4,0.0,33
2026-08-24,6931,青松健康,其他,其他,False,-5,0,0,0,0,41.85,-0.12,20
2026-08-24,6934,心誠鎂,其他,其他,False,-5,0,0,0,0,73.1,1.53,20
2026-08-24,8488,吉源-KY,其他,其他,False,-1,0,4,0,0,10.0,0.7,24
2026-08-24,2939,永邑-KY,其他,其他,False,-5,0,0,0,0,19.65,0.51,13
2026-08-24,2762,世界健身-KY,其他,其他,False,-1,0,4,0,0,83.0,0.0,48
2026-08-24,2616,山隆,其他,其他,False,-6,0,0,0,0,13.5,-0.37,61
2026-08-24,1442,名軒,其他,其他,False,-5,0,0,0,0,30.6,0.16,110
2026-08-24,3308,聯德,其他,其他,False,-4,0,3,0,0,20.05,1.52,32
2026-08-24,3296,勝德,其他,其他,False,-6,0,3,0,0,24.35,1.46,17
2026-08-24,8481,政伸,其他,其他,False,-5,0,1,0,0,41.0,-0.24,10
2026-08-24,6838,台新藥,其他,其他,False,-6,0,0,0,0,23.1,-0.43,51
2026-08-24,1235,興泰,其他,其他,False,-6,0,0,0,0,36.4,-3.45,23
2026-08-24,2849,安泰銀,其他,其他,False,-4,0,2,0,0,14.5,0.0,23
2026-08-24,1776,展宇,其他,其他,False,-6,0,0,0,0,16.8,-1.18,43
2026-08-24,2929,淘帝-KY,其他,其他,False,-6,0,0,0,0,5.69,-1.04,49
2026-08-24,2482,連宇,其他,其他,False,-7,0,2,0,0,16.05,-0.62,90
2026-08-24,3130,一零四,其他,其他,False,-6,0,0,0,0,213.0,-0.23,46
2026-08-24,6534,正瀚-創,其他,其他,False,-6,0,0,0,0,92.5,0.22,38
2026-08-24,6464,台數科,其他,其他,False,-7,0,0,0,0,79.0,0.0,59
2026-08-24,7821,神數,其他,其他,False,-7,0,0,0,0,39.45,0.13,26
2026-08-24,1626,艾美特-KY,其他,其他,False,-7,0,0,0,0,9.6,0.0,62
2026-08-24,6914,阜爾運通,其他,其他,False,-7,0,0,0,0,147.5,0.0,125
2026-08-24,2727,王品,其他,其他,False,57,-65,0,0,0,235.5,-0.84,287
2026-08-24,6928,攸泰科技,其他,其他,False,-8,0,0,0,0,47.75,0.42,32
2026-08-24,3419,譁裕,其他,其他,False,-7,0,1,0,0,12.2,0.0,77
2026-08-24,3557,嘉威,其他,其他,False,-8,0,0,0,0,24.35,-0.61,29
2026-08-24,4108,懷特,其他,其他,False,-11,0,0,0,0,11.05,-2.64,306
2026-08-24,1410,南染,其他,其他,False,-8,0,0,0,0,25.3,0.0,65
2026-08-24,1108,幸福,其他,其他,False,-8,0,0,0,0,11.75,-0.42,96
2026-08-24,1530,亞崴,其他,其他,False,-9,0,0,0,0,29.2,-1.02,21
2026-08-24,6715,嘉基,其他,其他,False,-3,0,0,6,-5,403.5,-9.93,931
2026-08-24,9911,櫻花,其他,其他,False,-8,0,0,0,0,83.1,0.12,140
2026-08-24,2419,仲琦,其他,其他,False,-10,0,0,1,1,24.5,-0.61,168
2026-08-24,2314,台揚,其他,其他,False,-9,0,0,0,0,11.9,9.68,287
2026-08-24,6756,威鋒電子,其他,其他,False,-9,0,0,0,0,98.4,0.0,68
2026-08-24,3150,鈺寶-創,其他,其他,False,-10,0,0,4,0,16.9,-1.46,21
2026-08-24,4999,鑫禾,其他,其他,False,-9,0,0,0,0,18.9,-0.26,20
2026-08-24,6277,宏正,其他,其他,False,-9,0,0,2,0,81.2,0.12,301
2026-08-24,1731,美吾華,其他,其他,False,-9,0,0,0,0,21.05,-0.71,43
2026-08-24,6136,富爾特,其他,其他,False,-9,0,0,0,0,25.15,0.0,197
2026-08-24,6558,興能高,其他,其他,False,-10,0,0,0,0,24.95,1.22,94
2026-08-24,1783,和康生,其他,其他,False,-11,0,0,0,0,40.35,-0.12,58
2026-08-24,1535,中宇,其他,其他,False,-9,0,1,0,0,45.95,-0.11,29
2026-08-24,2031,新光鋼,其他,其他,False,-4,0,9,20,-17,46.1,-0.54,1346
2026-08-24,2364,倫飛,其他,其他,False,-7,0,2,0,0,74.6,-7.67,1241
2026-08-24,1526,日馳,其他,其他,False,-10,0,0,0,0,16.6,-1.19,125
2026-08-24,4555,氣立,其他,其他,False,-6,0,4,0,0,45.9,-1.08,77
2026-08-24,2634,漢翔,其他,其他,False,-232,-2,106,91,3,68.6,-1.01,21260
2026-08-24,2706,第一店,其他,其他,False,-11,0,0,0,0,12.5,-0.4,191
2026-08-24,9942,茂順,其他,其他,False,-11,0,0,0,0,114.5,0.44,36
2026-08-24,6515,穎崴,其他,其他,False,-21,10,18,0,0,6145.0,-3.98,173
2026-08-24,1529,樂事綠能,其他,其他,False,-11,0,0,0,0,17.1,-0.58,197
2026-08-24,8163,達方,其他,其他,False,-10,0,1,1,-1,30.8,-0.65,267
2026-08-24,1234,黑松,其他,其他,False,-12,0,0,0,0,33.6,0.6,34
2026-08-24,1219,福壽,其他,其他,False,-12,0,0,0,0,11.15,-0.89,167
2026-08-24,6491,晶碩,其他,其他,False,-11,0,0,0,0,366.0,-1.61,199
2026-08-24,2459,敦吉,其他,其他,False,-10,0,3,0,0,67.2,0.15,142
2026-08-24,2509,全坤建,其他,其他,False,-1,0,12,0,0,14.65,-1.01,68
2026-08-24,7740,熙特爾-創,其他,其他,False,-13,0,0,2,0,139.0,-0.36,79
2026-08-24,0057,富邦摩台,其他,其他,False,0,0,0,13,-13,311.35,-0.21,23
2026-08-24,1256,鮮活果汁-KY,其他,其他,False,-13,0,0,0,0,178.5,-0.56,26
2026-08-24,1452,宏益,其他,其他,False,-14,0,0,0,0,11.5,-0.43,65
2026-08-24,3447,展達,其他,其他,False,-14,0,0,0,0,27.45,0.0,82
2026-08-24,6831,邁科,其他,其他,False,-8,0,5,6,-1,549.0,-4.36,790
2026-08-24,5203,訊連,其他,其他,False,-14,0,2,0,0,58.5,-1.02,78
2026-08-24,1417,嘉裕,其他,其他,False,-15,0,0,0,0,8.33,0.24,58
2026-08-24,3032,偉訓,其他,其他,False,-13,0,0,2,-2,79.5,-0.62,126
2026-08-24,4930,燦星網,其他,其他,False,-14,0,2,0,0,16.0,-0.93,35
2026-08-24,8072,陞泰,其他,其他,False,-16,0,0,0,0,26.2,-0.57,54
2026-08-24,4967,十銓,其他,其他,False,-76,0,24,80,82,278.0,0.72,12526
2026-08-24,6790,永豐實,其他,其他,False,-17,0,0,0,0,38.25,-0.26,71
2026-08-24,1419,新紡,其他,其他,False,-15,0,1,0,0,66.0,-1.35,63
2026-08-24,6698,旭暉應材,其他,其他,False,-17,0,0,0,0,30.7,-2.23,83
2026-08-24,3686,達能,其他,其他,False,-17,0,0,0,0,14.45,-0.69,58
2026-08-24,3694,海華,其他,其他,False,-17,0,0,0,0,50.2,-1.38,782
2026-08-24,3054,立萬利,其他,其他,False,-18,0,0,0,0,51.9,-2.44,97
2026-08-24,2211,長榮鋼,其他,其他,False,12,0,30,0,0,84.8,0.47,367
2026-08-24,2511,太子,其他,其他,False,-13,0,4,0,0,8.31,-0.6,390
2026-08-24,2453,凌群,其他,其他,False,-17,0,0,0,0,52.1,0.0,191
2026-08-24,7722,LINEPAY,其他,其他,False,-17,0,0,0,0,278.0,-2.46,39
2026-08-24,1760,寶齡富錦,其他,其他,False,-17,0,0,0,0,58.2,-1.36,97
2026-08-24,2115,六暉-KY,其他,其他,False,-18,0,0,0,0,24.05,-0.82,88
2026-08-24,2923,鼎固-KY,其他,其他,False,-22,0,0,0,0,24.55,-2.77,58
2026-08-24,6657,華安,其他,其他,False,-18,0,0,0,0,29.8,-2.61,73
2026-08-24,5236,凌陽創新,其他,其他,False,-18,0,0,0,0,135.0,-0.37,67
2026-08-24,3055,蔚華科,其他,其他,False,-18,0,0,5,0,109.5,0.92,676
2026-08-24,6947,台鎔科技,其他,其他,False,-19,0,0,0,0,70.0,-0.43,119
2026-08-24,8478,東哥遊艇,其他,其他,False,-19,0,0,1,-1,141.5,-1.05,66
2026-08-24,6689,伊雲谷,其他,其他,False,-8,0,12,0,0,61.4,0.49,107
2026-08-24,1587,吉茂,其他,其他,False,-20,0,0,0,0,24.0,-1.23,83
2026-08-24,1560,中砂,其他,其他,False,-16,0,7,14,3,680.0,0.15,588
2026-08-24,6994,富威電力,其他,其他,False,-19,0,1,0,0,35.3,-0.56,341
2026-08-24,6197,佳必琪,其他,其他,False,-18,0,2,4,0,290.0,-0.17,371
2026-08-24,6988,威力暘-創,其他,其他,False,-21,0,1,25,0,11.75,-0.42,105
2026-08-24,1342,八貫,其他,其他,False,-20,0,0,0,0,103.0,0.0,106
2026-08-24,1734,杏輝,其他,其他,False,-20,0,0,0,0,32.55,0.15,181
2026-08-24,2516,新建,其他,其他,False,-22,0,0,0,0,14.45,0.7,107
2026-08-24,1416,廣豐,其他,其他,False,-21,0,0,0,0,12.05,0.42,936
2026-08-24,6937,天虹,其他,其他,False,-20,0,0,3,0,260.5,0.19,156
2026-08-24,4169,泰宗,其他,其他,False,-21,0,0,0,0,157.0,-3.68,114
2026-08-24,5215,科嘉-KY,其他,其他,False,-22,0,0,0,0,40.0,-1.11,43
2026-08-24,3528,安馳,其他,其他,False,-23,0,0,0,0,83.4,-0.24,102
2026-08-24,2338,光罩,其他,其他,False,-20,0,0,2,-2,38.35,0.26,682
2026-08-24,2748,雲品,其他,其他,False,-23,0,0,0,0,38.55,-0.9,81
2026-08-24,5519,隆大,其他,其他,False,-23,0,0,0,0,27.85,-0.36,100
2026-08-24,4807,日成-KY,其他,其他,False,-23,0,0,0,0,27.8,-9.89,851
2026-08-24,2387,精元,其他,其他,False,-23,0,0,0,0,36.35,-0.14,219
2026-08-24,4106,雃博,其他,其他,False,-20,0,4,0,0,24.7,0.82,83
2026-08-24,6863,永道-KY,其他,其他,False,-23,0,0,0,0,109.5,-3.52,104
2026-08-24,6670,復盛應用,其他,其他,False,-23,0,0,0,0,265.5,-1.12,79
2026-08-24,5706,鳳凰,其他,其他,False,-24,0,2,0,0,45.45,-0.33,79
2026-08-24,4968,立積,其他,其他,False,-22,0,1,2,-1,90.0,-0.88,232
2026-08-24,4585,達明,其他,其他,False,-20,0,0,5,-4,292.5,-1.02,159
2026-08-24,3048,益登,其他,其他,False,127,0,0,153,-151,55.7,-0.54,1027
2026-08-24,3588,通嘉,其他,其他,False,-24,0,0,0,0,52.0,0.0,86
2026-08-24,5525,順天,其他,其他,False,-25,0,0,0,0,22.35,-0.89,46
2026-08-24,9917,中保科,其他,其他,False,-15,0,9,0,0,110.0,-0.9,154
2026-08-24,4935,茂林-KY,其他,其他,False,-25,0,0,0,0,34.05,-1.16,47
2026-08-24,1533,車王電,其他,其他,False,-23,0,3,0,0,31.85,0.47,171
2026-08-24,6606,建德工業,其他,其他,False,-27,0,0,0,0,25.5,-0.58,85
2026-08-24,7769,鴻勁,其他,其他,False,-31,4,0,15,0,6255.0,-2.34,265
2026-08-24,1903,士紙,其他,其他,False,-27,0,1,0,0,49.05,0.0,162
2026-08-24,6164,華興,其他,其他,False,-28,0,0,0,0,12.0,0.0,302
2026-08-24,6669,緯穎,伺服器,科技硬體,False,-147,59,4,34,48,6300.0,0.72,922
2026-08-24,1532,勤美,其他,其他,False,-28,0,0,0,0,23.05,-0.22,146
2026-08-24,6743,安普新,其他,其他,False,-28,0,0,0,0,25.05,-0.6,87
2026-08-24,3607,谷崧,其他,其他,False,-25,0,4,0,0,14.0,-0.36,122
2026-08-24,4441,振大環球,其他,其他,False,-29,0,0,0,0,177.0,-2.75,67
2026-08-24,4155,訊映,其他,其他,False,-39,0,0,0,0,14.45,-2.03,274
2026-08-24,1568,倉佑,其他,其他,False,-30,0,0,0,0,28.65,-1.55,108
2026-08-24,2243,宏旭-KY,其他,其他,False,-29,0,0,0,0,39.75,-0.87,100
2026-08-24,1721,三晃,其他,其他,False,-30,0,0,0,0,19.6,-0.25,379
2026-08-24,4564,元翎,其他,其他,False,-31,0,0,0,0,16.9,0.3,281
2026-08-24,4164,承業醫,其他,其他,False,-31,0,1,0,0,26.4,-1.12,271
2026-08-24,1437,勤益控,其他,其他,False,-31,0,0,0,0,31.8,-1.7,70
2026-08-24,6117,迎廣,其他,其他,False,-29,0,0,3,-3,61.0,-0.16,116
2026-08-24,1582,信錦,其他,其他,False,-31,0,0,1,-1,73.0,-1.35,218
2026-08-24,0053,元大電子,其他,其他,False,1,0,0,73,-33,239.95,0.42,96
2026-08-24,3704,合勤控,其他,其他,False,-42,0,0,0,9,41.9,0.6,994
2026-08-24,2906,高林,其他,其他,False,-33,0,0,0,0,13.95,0.0,159
2026-08-24,3708,上緯投控,其他,其他,False,-41,0,0,0,8,103.0,-0.48,373
2026-08-24,7788,松川精密,其他,其他,False,-26,0,0,11,-8,253.0,1.81,843
2026-08-24,6969,成信實業*-創,其他,其他,False,-34,0,0,0,0,34.3,-2.7,90
2026-08-24,3652,精聯,其他,其他,False,-34,0,0,0,0,33.25,-2.49,147
2026-08-24,9946,三發地產,其他,其他,False,-34,0,0,0,0,19.15,-0.26,746
2026-08-24,3535,晶彩科,其他,其他,False,-32,0,0,2,-1,85.5,-1.5,383
2026-08-24,2497,怡利電,其他,其他,False,-35,0,0,1,0,45.3,-0.66,157
2026-08-24,1109,信大,其他,其他,False,-34,0,0,0,0,13.55,0.0,83
2026-08-24,3705,永信,其他,其他,False,-34,0,0,0,0,55.8,0.18,179
2026-08-24,6796,晉弘,其他,其他,False,-35,0,0,0,0,62.5,-4.29,104
2026-08-24,7799,禾榮科,其他,其他,False,-39,0,7,0,0,355.0,-0.98,208
2026-08-24,3661,世芯-KY,其他,其他,False,-27,-1,10,38,-1,3735.0,0.95,1136
2026-08-24,2731,雄獅,其他,其他,False,-33,0,1,2,-1,145.5,-0.68,173
2026-08-24,1460,宏遠,其他,其他,False,-36,0,0,0,0,6.77,0.45,133
2026-08-24,6283,淳安,其他,其他,False,-36,0,0,0,0,20.1,-1.23,54
2026-08-24,6944,兆聯實業,其他,其他,False,-41,0,0,8,5,705.0,-0.42,131
2026-08-24,2468,華經,其他,其他,False,-36,0,0,0,0,34.0,0.0,145
2026-08-24,2514,龍邦,其他,其他,False,-36,0,0,0,0,12.0,-0.41,93
2026-08-24,1537,廣隆,其他,其他,False,-37,0,0,0,0,120.0,-0.41,107
2026-08-24,4426,利勤,其他,其他,False,-37,0,0,0,0,7.81,0.0,139
2026-08-24,6799,來頡,其他,其他,False,-36,0,1,0,0,78.6,-0.63,112
2026-08-24,6605,帝寶,其他,其他,False,-39,0,0,0,0,139.5,-1.41,220
2026-08-24,2540,愛山林,其他,其他,False,-37,0,0,0,0,46.3,-2.63,522
2026-08-24,1604,聲寶,其他,其他,False,-13,0,25,0,0,23.3,0.0,169
2026-08-24,3057,喬鼎,其他,其他,False,-46,0,0,0,0,16.6,-2.92,71
2026-08-24,6691,洋基工程,其他,其他,False,-52,0,0,17,11,611.0,3.04,516
2026-08-24,1623,大東電,其他,其他,False,-38,0,0,0,0,198.0,-1.49,106
2026-08-24,8162,微矽電子-創,其他,其他,False,-37,0,0,7,0,60.5,2.37,92
2026-08-24,2375,凱美,其他,其他,False,8,0,0,55,-48,120.5,-1.63,1641
2026-08-24,6658,聯策,其他,其他,False,-38,0,0,1,0,156.5,-2.8,129
2026-08-24,2345,智邦,網通,科技硬體,False,399,-471,6,49,11,2070.0,1.72,1772
2026-08-24,2248,華勝-KY,其他,其他,False,-37,0,3,0,0,63.5,-5.08,304
2026-08-24,7721,微程式,其他,其他,False,-39,0,1,0,0,60.7,-0.65,62
2026-08-24,9955,佳龍,其他,其他,False,-41,0,0,0,0,25.25,1.41,564
2026-08-24,3669,圓展,其他,其他,False,-40,0,1,0,0,37.45,-1.96,155
2026-08-24,5306,桂盟,其他,其他,False,-30,0,11,0,0,94.6,-1.15,63
2026-08-24,2739,寒舍,其他,其他,False,-47,0,0,0,0,37.85,-0.53,194
2026-08-24,3004,豐達科,其他,其他,False,-39,0,0,4,-1,120.0,-0.83,136
2026-08-24,5269,祥碩,其他,其他,False,-33,0,3,13,-4,1400.0,-1.06,165
2026-08-24,6573,虹揚-KY,其他,其他,False,-42,0,0,0,0,17.1,0.0,160
2026-08-24,1227,佳格,其他,其他,False,-42,0,0,0,0,29.05,-1.19,483
2026-08-24,2520,冠德,其他,其他,False,-44,0,94,50,1,36.45,-0.95,1055
2026-08-24,3257,虹冠電,其他,其他,False,-40,0,3,0,0,49.3,-1.1,168
2026-08-24,2707,晶華,其他,其他,False,-44,0,0,0,0,180.5,-1.37,111
2026-08-24,2637,慧洋-KY,散裝航運,航運,False,5544,-5556,15,125,-44,97.1,-4.8,21718
2026-08-24,6695,芯鼎,其他,其他,False,-45,0,0,1,0,47.15,-0.63,221
2026-08-24,6449,鈺邦,其他,其他,False,-45,0,0,7,-1,210.5,-1.64,292
2026-08-24,1762,中化生,其他,其他,False,-47,0,0,0,0,36.2,-0.28,103
2026-08-24,3346,麗清,其他,其他,False,-50,0,0,0,0,20.15,-1.71,179
2026-08-24,2535,達欣工,其他,其他,False,-49,0,0,0,0,91.0,-0.66,140
2026-08-24,2404,漢唐,其他,其他,False,-48,-2,2,16,1,1065.0,0.47,596
2026-08-24,9939,宏全,其他,其他,False,158,-266,5,1,-1,134.5,0.37,993
2026-08-24,3416,融程電,其他,其他,False,-53,0,0,0,2,175.0,-1.13,135
2026-08-24,2704,國賓,其他,其他,False,-51,0,0,0,0,45.8,-1.51,88
2026-08-24,2845,遠東銀,其他,其他,False,-2364,1523,0,0,0,13.6,-0.37,10218
2026-08-24,6533,晶心科,IC設計,半導體,False,-51,0,4,1,0,246.5,-1.4,403
2026-08-24,6152,百一,其他,其他,False,-27,0,24,0,0,13.75,-2.48,567
2026-08-24,1455,集盛,其他,其他,False,-80,0,0,0,0,10.0,-0.99,1502
2026-08-24,5222,全訊,其他,其他,False,-51,-1,0,4,0,105.5,-1.4,137
2026-08-24,4764,雙鍵,其他,其他,False,-43,0,1,10,-10,206.5,-5.71,1002
2026-08-24,6706,惠特,其他,其他,False,-47,0,0,8,-6,114.5,-1.72,508
2026-08-24,2488,漢平,其他,其他,False,-54,0,1,0,0,48.9,0.1,137
2026-08-24,2017,官田鋼,其他,其他,False,-56,0,0,0,0,9.11,-0.87,326
2026-08-24,1517,利奇,其他,其他,False,-57,0,0,0,0,11.3,-2.59,315
2026-08-24,3312,弘憶股,其他,其他,False,-56,0,1,7,-2,51.0,-0.58,652
2026-08-24,2506,太設,其他,其他,False,-59,0,0,0,0,8.59,-0.23,104
2026-08-24,2440,太空梭,其他,其他,False,-55,0,5,0,0,13.85,-1.42,180
2026-08-24,4770,上品,其他,其他,False,-47,0,0,21,-14,206.0,-2.83,377
2026-08-24,6719,力智,其他,其他,False,-60,0,0,3,0,191.5,-1.03,325
2026-08-24,2423,固緯,其他,其他,False,-62,0,0,0,0,73.4,-2.91,77
2026-08-24,1733,五鼎,其他,其他,False,-60,0,3,0,0,32.25,0.0,114
2026-08-24,6024,群益期,其他,其他,False,-63,0,0,0,0,62.7,-0.48,260
2026-08-24,5234,達興材料,其他,其他,False,-44,-20,0,3,0,300.0,-0.83,166
2026-08-24,5533,皇鼎,其他,其他,False,-64,0,0,0,0,13.95,-0.36,86
2026-08-24,6412,群電,其他,其他,False,-63,0,0,3,-1,77.7,-0.38,247
2026-08-24,3356,奇偶,其他,其他,False,-66,0,0,0,0,62.2,-1.58,598
2026-08-24,2537,聯上發,其他,其他,False,-64,0,0,0,0,11.5,-1.71,717
2026-08-24,8464,億豐,其他,其他,False,-63,0,0,1,-1,360.5,-2.96,231
2026-08-24,6235,華孚,其他,其他,False,-67,0,0,6,1,37.7,-1.31,214
2026-08-24,7768,頌勝科技,其他,其他,False,-66,0,0,0,0,290.0,-6.45,149
2026-08-24,2397,友通,其他,其他,False,-66,0,0,0,0,62.7,-0.16,132
2026-08-24,0055,元大MSCI金融,其他,其他,False,-56,0,0,13,-12,43.64,-1.2,146
2026-08-24,4720,德淵,其他,其他,False,-68,0,0,0,0,17.95,-0.28,339
2026-08-24,4755,三福化,其他,其他,False,-68,0,1,0,0,116.5,0.43,305
2026-08-24,2228,劍麟,其他,其他,False,-69,0,0,0,0,74.3,-1.46,166
2026-08-24,1713,國化,其他,其他,False,-71,0,0,0,0,43.9,-1.79,100
2026-08-24,4942,嘉彰,其他,其他,False,-73,0,0,0,0,33.25,-0.45,149
2026-08-24,6115,鎰勝,其他,其他,False,-73,0,0,0,0,44.35,0.0,174
2026-08-24,1467,南緯,其他,其他,False,-73,0,0,0,0,8.41,-2.77,220
2026-08-24,3003,健和興,其他,其他,False,-65,0,12,0,1,63.9,-1.54,332
2026-08-24,2850,新產,其他,其他,False,-74,0,0,0,0,164.5,-2.37,193
2026-08-24,4551,智伸科,其他,其他,False,19,-85,5,9,-4,154.0,-2.22,490
2026-08-24,3533,嘉澤,其他,其他,False,-82,-1,2,28,2,1610.0,0.94,842
2026-08-24,9940,信義,其他,其他,False,-79,0,0,1,-1,20.85,-0.95,163
2026-08-24,2102,泰豐,其他,其他,False,-82,0,0,0,0,18.65,-1.32,321
2026-08-24,7786,東方風能,其他,其他,False,-14,0,71,0,0,121.5,-0.41,254
2026-08-24,3305,昇貿,其他,其他,False,-74,0,0,15,-12,107.5,-0.46,766
2026-08-24,1711,永光,化工,石化原料,False,-193,0,0,50,104,41.4,3.24,8666
2026-08-24,3011,今皓,其他,其他,False,-84,0,0,0,0,10.6,-1.85,336
2026-08-24,2505,國揚,其他,其他,False,-85,0,0,0,0,17.5,0.0,280
2026-08-24,3583,辛耘,其他,其他,False,-87,0,0,23,1,688.0,-2.27,686
2026-08-24,6166,凌華,其他,其他,False,-47,0,50,3,0,119.0,0.42,750
2026-08-24,1201,味全,其他,其他,False,-90,0,0,0,0,12.35,-0.8,446
2026-08-24,6598,ABC-KY,其他,其他,False,-89,0,2,0,0,28.0,-1.93,211
2026-08-24,3058,立德,其他,其他,False,-91,0,0,0,0,8.18,-0.97,229
2026-08-24,1451,年興,其他,其他,False,-91,0,0,0,0,17.35,0.0,138
2026-08-24,6789,采鈺,其他,其他,False,-86,0,0,39,-5,415.0,-2.12,800
2026-08-24,3563,牧德,其他,其他,False,-79,-4,0,16,-11,665.0,-1.77,276
2026-08-24,1527,鑽全,其他,其他,False,-95,0,0,0,0,32.6,-0.61,157
2026-08-24,4722,國精化,其他,其他,False,-82,0,1,14,-13,202.5,-1.7,364
2026-08-24,1402,遠東新,紡織,傳統產業,False,-8518,9128,374,634,-473,29.45,-2.97,26253
2026-08-24,8213,志超,其他,其他,False,-99,0,2,0,0,32.65,-0.91,298
2026-08-24,7610,聯友金屬-創,其他,其他,False,-82,0,0,29,-17,1710.0,1.48,900
2026-08-24,1789,神隆,其他,其他,False,-100,0,0,0,0,19.2,-1.29,224
2026-08-24,8131,福懋科,其他,其他,False,-97,0,0,12,-2,62.4,0.0,1389
2026-08-24,4916,事欣科,其他,其他,False,-99,0,0,4,-1,98.6,-0.1,1042
2026-08-24,5284,jpp-KY,其他,其他,False,-96,0,0,13,-10,318.5,-4.78,529
2026-08-24,5522,遠雄,其他,其他,False,-102,0,0,0,0,63.5,-1.09,315
2026-08-24,2348,海悅,其他,其他,False,-101,0,0,0,0,71.6,-1.1,240
2026-08-24,2231,為升,其他,其他,False,-104,0,0,7,2,91.5,-1.93,308
2026-08-24,6215,和椿,其他,其他,False,-88,0,0,13,-13,96.1,-1.23,416
2026-08-24,1736,喬山,其他,其他,False,-112,0,0,0,0,127.0,-3.42,281
2026-08-24,3025,星通,其他,其他,False,-103,0,0,0,0,55.9,-0.36,153
2026-08-24,3030,德律,其他,其他,False,-63,0,0,76,-43,281.5,-1.23,515
2026-08-24,0061,元大寶滬深,其他,其他,False,-139,0,0,2,32,24.12,-1.19,209
2026-08-24,2436,偉詮電,其他,其他,False,-137,0,16,36,45,63.2,0.48,3247
2026-08-24,2548,華固,其他,其他,False,-106,3,8,0,2,96.6,-0.92,529
2026-08-24,4736,泰博,其他,其他,False,-112,0,4,0,0,140.5,-1.4,400
2026-08-24,4306,炎洲,其他,其他,False,-108,0,0,0,0,15.2,-0.65,588
2026-08-24,1707,葡萄王,其他,其他,False,-111,0,0,1,0,90.6,0.55,384
2026-08-24,6742,澤米,其他,其他,False,-113,0,0,0,0,43.0,-3.37,239
2026-08-24,1103,嘉泥,其他,其他,False,-117,0,1,0,0,13.25,-0.38,569
2026-08-24,6585,鼎基,其他,其他,False,-115,0,0,0,0,113.5,-2.58,219
2026-08-24,2413,環科,其他,其他,False,-121,0,0,0,0,43.05,0.0,471
2026-08-24,9934,成霖,其他,其他,False,-117,0,0,0,0,11.25,-1.75,1001
2026-08-24,4526,東台,其他,其他,False,-109,0,0,7,-6,29.7,-0.17,542
2026-08-24,1231,聯華食,其他,其他,False,-117,0,10,0,0,81.1,-1.58,301
2026-08-24,4934,太極,其他,其他,False,-118,0,0,0,0,14.2,-1.39,292
2026-08-24,2547,日勝生,其他,其他,False,-76,0,43,0,0,10.15,-0.98,816
2026-08-24,2328,廣宇,其他,其他,False,-106,0,0,15,-15,44.9,0.0,1092
2026-08-24,2025,千興,其他,其他,False,-119,0,1,0,0,12.95,0.39,729
2026-08-24,4739,康普,其他,其他,False,-117,0,0,5,-4,84.1,0.12,955
2026-08-24,6142,友勁,其他,其他,False,-122,0,0,0,0,8.86,-1.45,480
2026-08-24,2414,精技,其他,其他,False,-111,0,11,0,0,52.5,0.38,260
2026-08-24,6139,亞翔,其他,其他,False,-144,-8,5,39,12,758.0,-0.52,1133
2026-08-24,3437,榮創,其他,其他,False,-124,0,0,0,0,17.8,1.14,732
2026-08-24,3715,定穎投控,PCB,PCB,False,-147,0,0,51,13,108.0,0.93,2600
2026-08-24,8114,振樺電,其他,其他,False,-134,0,5,0,0,195.5,-1.51,284
2026-08-24,2630,亞航,其他,其他,False,-80,0,0,56,-56,50.7,-1.17,1342
2026-08-24,4532,瑞智,其他,其他,False,-140,0,0,0,0,24.1,0.0,383
2026-08-24,1597,直得,其他,其他,False,-139,0,0,8,0,131.5,-1.13,788
2026-08-24,4958,臻鼎-KY,PCB,PCB,False,680,-757,137,229,-52,435.5,-1.25,12795
2026-08-24,2258,鴻華先進-創,其他,其他,False,-148,0,0,3,6,31.45,-1.72,328
2026-08-24,1307,三芳,其他,其他,False,-116,0,6,20,-20,30.8,-1.12,506
2026-08-24,1477,聚陽,其他,其他,False,-124,3,5,24,-21,201.0,-0.99,1239
2026-08-24,6579,研揚,其他,其他,False,-146,0,2,0,0,147.0,-0.68,273
2026-08-24,1611,中電,其他,其他,False,-146,0,0,0,0,12.2,-0.81,697
2026-08-24,5531,鄉林,其他,其他,False,-149,0,0,0,0,7.4,-2.12,396
2026-08-24,8028,昇陽半導體,IC設計,半導體,False,-151,0,0,19,2,242.5,0.0,1249
2026-08-24,2402,毅嘉,PCB,PCB,False,-166,0,0,20,11,54.4,-0.73,1431
2026-08-24,6168,宏齊,其他,其他,False,-154,0,2,3,0,27.15,7.1,7647
2026-08-24,6668,中揚光,其他,其他,False,-156,0,0,0,0,35.55,-2.34,383
2026-08-24,2023,燁輝,其他,其他,False,-157,0,0,0,0,13.95,0.0,641
2026-08-24,2349,錸德,其他,其他,False,-157,0,0,0,0,10.95,-0.45,791
2026-08-24,3060,銘異,其他,其他,False,-157,0,0,0,0,27.4,-0.54,466
2026-08-24,3135,凌航,其他,其他,False,-149,-30,1,27,21,177.0,3.81,4831
2026-08-24,1514,亞力,其他,其他,False,-148,0,0,65,-22,101.5,-0.98,816
2026-08-24,1809,中釉,其他,其他,False,-162,0,0,2,-1,37.7,-1.69,691
2026-08-24,2355,敬鵬,PCB,PCB,False,-106,0,46,20,-11,41.65,-0.12,1292
2026-08-24,6477,安集,其他,其他,False,-165,0,3,0,0,35.95,-2.84,1000
2026-08-24,3617,碩天,其他,其他,False,-163,0,8,4,2,257.5,-0.77,1018
2026-08-24,2527,宏璟,其他,其他,False,-172,0,0,3,3,42.8,0.0,457
2026-08-24,3056,富華新,其他,其他,False,-173,0,0,0,0,14.2,-1.39,549
2026-08-24,2204,中華,其他,其他,False,-173,0,5,1,-1,54.3,-1.45,806
2026-08-24,2905,三商,其他,其他,False,-186,0,0,0,0,17.3,-1.98,936
2026-08-24,3413,京鼎,其他,其他,False,-184,0,0,19,-3,284.5,0.0,612
2026-08-24,9904,寶成,其他,其他,False,-118,-84,1,0,14,25.05,0.2,10875
2026-08-24,3504,揚明光,其他,其他,False,-194,0,0,5,3,78.0,-2.13,2673
2026-08-24,2476,鉅祥,其他,其他,False,-213,0,0,31,21,115.5,-0.86,858
2026-08-24,2390,云辰,其他,其他,False,-191,0,3,0,0,10.25,-0.97,454
2026-08-24,3717,聯嘉投控,其他,其他,False,-215,0,0,0,0,22.45,0.9,1300
2026-08-24,2478,大毅,其他,其他,False,-172,0,0,35,-23,120.5,-2.43,3004
2026-08-24,4137,麗豐-KY,其他,其他,False,-195,0,6,0,0,88.5,-1.99,414
2026-08-24,5292,華懋,其他,其他,False,-227,0,0,8,27,210.5,-3.44,733
2026-08-24,6672,騰輝電子-KY,其他,其他,False,-162,0,0,72,-38,259.0,-3.18,2894
2026-08-24,3008,大立光,其他,其他,False,-269,115,45,56,-20,5385.0,-4.01,2364
2026-08-24,4977,眾達-KY,光學,科技硬體,False,-201,0,0,22,-4,145.0,-3.65,2354
2026-08-24,2491,吉祥全,其他,其他,False,-201,0,7,0,0,38.7,-0.77,1115
2026-08-24,4576,大銀微系統,其他,其他,False,-202,0,0,18,-11,198.0,-2.22,1011
2026-08-24,2332,友訊,其他,其他,False,-260,0,11,1,0,20.35,0.74,12714
2026-08-24,2492,華新科,被動元件,半導體,False,-172,0,155,195,3,265.0,-0.38,11549
2026-08-24,2493,揚博,其他,其他,False,-199,0,4,23,-13,174.0,-1.42,1049
2026-08-24,6269,台郡,其他,其他,False,-207,0,2,10,-8,61.9,-0.8,1305
2026-08-24,2420,新巨,其他,其他,False,-213,0,5,0,0,57.2,-0.52,526
2026-08-24,4590,富田-創,其他,其他,False,-220,0,0,5,0,85.8,-1.83,360
2026-08-24,4912,聯德控股-KY,其他,其他,False,-220,0,2,0,0,89.9,-1.32,847
2026-08-24,2072,世紀風電,其他,其他,False,-222,0,1,0,0,150.5,-2.9,505
2026-08-24,6805,富世達,其他,其他,False,-241,30,9,32,-10,1710.0,-3.12,870
2026-08-24,2458,義隆,其他,其他,False,-129,-75,20,23,-5,139.0,-1.07,688
2026-08-24,6753,龍德造船,其他,其他,False,-34,0,1,202,-194,141.0,-0.35,710
2026-08-24,2536,宏普,其他,其他,False,-231,0,0,0,0,20.8,-0.24,706
2026-08-24,1104,環泥,其他,其他,False,-232,0,0,0,0,26.8,-0.19,451
2026-08-24,1515,力山,其他,其他,False,-230,0,2,8,0,33.35,-0.6,1731
2026-08-24,2454,聯發科,IC設計,半導體,False,-132,-95,39,86,-6,3765.0,-0.66,3321
2026-08-24,2614,東森,其他,其他,False,-234,0,0,0,0,18.6,-1.06,889
2026-08-24,2316,楠梓電,其他,其他,False,-186,0,0,58,-49,155.5,-1.89,1477
2026-08-24,6141,柏承,其他,其他,False,-235,0,5,0,0,46.05,1.43,4853
2026-08-24,3380,明泰,其他,其他,False,-205,0,40,6,0,27.15,-1.45,754
2026-08-24,2467,志聖,其他,其他,False,-238,0,0,35,-6,533.0,-4.82,931
2026-08-24,3716,中化控股,其他,其他,False,-248,0,0,5,-5,36.1,-1.63,782
2026-08-24,2201,裕隆,其他,其他,False,-309,0,50,11,20,29.1,-0.68,2848
2026-08-24,1210,大成,其他,其他,False,292,-328,229,0,0,52.6,-0.94,1382
2026-08-24,8996,高力,其他,其他,False,-861,508,49,6,-6,1145.0,5.05,3292
2026-08-24,4142,國光生,其他,其他,False,-263,0,1,0,0,17.8,-1.93,1636
2026-08-24,1810,和成,其他,其他,False,-268,0,0,0,0,25.15,-1.57,2629
2026-08-24,2428,興勤,其他,其他,False,-272,0,1,10,-2,250.5,-1.18,668
2026-08-24,2308,台達電,電源管理,科技硬體,False,-359,44,25,196,12,1735.0,-0.86,4498
2026-08-24,2530,華建,其他,其他,False,-290,0,0,0,0,19.45,-2.26,480
2026-08-24,2838,聯邦銀,其他,其他,False,-287,0,0,1,1,20.3,-0.25,1275
2026-08-24,3090,日電貿,其他,其他,False,-260,0,52,46,-15,163.0,-1.21,3998
2026-08-24,5469,瀚宇博,其他,其他,False,-290,0,6,0,0,70.6,-0.14,1187
2026-08-24,5876,上海商銀,金控,金融,False,-359,75,45,11,4,43.4,-1.7,4049
2026-08-24,4956,光鋐,其他,其他,False,-294,0,29,0,5,36.75,9.87,3249
2026-08-24,2485,兆赫,其他,其他,False,-309,0,64,27,16,42.1,2.93,5542
2026-08-24,2365,昆盈,其他,其他,False,-297,0,3,2,-2,30.1,-1.63,2621
2026-08-24,2352,佳世達,其他,其他,False,-300,0,0,9,-3,28.65,-0.52,1844
2026-08-24,2889,國票金,金控,金融,False,-304,0,0,0,0,15.65,-0.63,3985
2026-08-24,1727,中華化,其他,其他,False,-275,0,0,42,-32,90.0,-0.22,3671
2026-08-24,4989,榮科,其他,其他,False,-287,0,30,4,-4,60.7,-1.94,2021
2026-08-24,6177,達麗,其他,其他,False,-394,0,0,0,0,47.2,-0.63,1493
2026-08-24,3005,神基,其他,其他,False,-316,0,2,56,-16,116.0,-0.85,1503
2026-08-24,1737,臺鹽,其他,其他,False,-335,0,0,0,0,30.9,0.0,758
2026-08-24,2441,超豐,其他,其他,False,-851,496,1,3,16,113.5,0.89,2962
2026-08-24,2103,台橡,其他,其他,False,-298,0,0,58,-55,28.3,-0.35,6462
2026-08-24,6191,精成科,其他,其他,False,-323,0,0,32,-20,81.1,-1.1,1162
2026-08-24,1513,中興電,其他,其他,False,-226,-71,20,51,-32,164.0,-1.2,1508
2026-08-24,1471,首利,其他,其他,False,-364,0,1,0,0,10.3,6.51,1787
2026-08-24,6472,保瑞,其他,其他,False,-605,258,39,40,-19,453.0,-0.44,2076
2026-08-24,1795,美時,其他,其他,False,-342,0,12,23,-13,196.0,-0.25,2264
2026-08-24,2327,國巨*,被動元件,半導體,False,-377,-68,382,342,6,551.0,-0.54,23267
2026-08-24,3596,智易,其他,其他,False,-381,0,4,0,0,160.0,-0.62,1101
2026-08-24,7780,大研生醫*,其他,其他,False,-377,0,0,5,-5,16.9,-1.17,733
2026-08-24,2241,艾姆勒,其他,其他,False,-398,0,0,0,0,33.9,-3.42,661
2026-08-24,2106,建大,其他,其他,False,-402,0,0,0,0,17.45,-1.13,1058
2026-08-24,9945,潤泰新,其他,其他,False,816,-1189,7,57,-55,29.0,-1.36,9606
2026-08-24,8473,山林水,其他,其他,False,-435,0,2,0,0,44.55,-3.88,998
2026-08-24,2359,所羅門,其他,其他,False,-382,0,0,124,-77,145.5,-3.0,6013
2026-08-24,1717,長興,化工,石化原料,False,-512,0,16,38,56,71.3,-0.42,6475
2026-08-24,6153,嘉聯益,其他,其他,False,-462,0,4,1,0,16.5,-1.2,1413
2026-08-24,2368,金像電,其他,其他,False,-228,-248,56,166,24,948.0,-1.76,4884
2026-08-24,2451,創見,其他,其他,False,-402,75,165,77,-3,316.0,1.12,16775
2026-08-24,1905,華紙,其他,其他,False,-443,0,32,1,0,13.4,-1.83,1182
2026-08-24,2605,新興,散裝航運,航運,False,103,0,405,511,-388,36.6,-3.17,29783
2026-08-24,3019,亞光,其他,其他,False,-430,0,32,19,-14,133.0,-1.85,1556
2026-08-24,1308,亞聚,其他,其他,False,-474,0,0,5,-5,13.75,-2.83,1507
2026-08-24,1447,力鵬,其他,其他,False,-483,0,0,0,0,6.97,-2.92,1693
2026-08-24,8021,尖點,其他,其他,False,-499,0,106,0,0,388.5,-2.14,3247
2026-08-24,9933,中鼎,其他,其他,False,-503,0,0,0,0,41.55,-1.42,1350
2026-08-24,4915,致伸,其他,其他,False,-504,0,8,0,0,60.5,-0.17,1158
2026-08-24,2376,技嘉,主機板,科技硬體,False,-454,0,45,30,-13,341.0,0.44,2793
2026-08-24,6108,競國,其他,其他,False,-455,0,58,0,0,23.4,-9.83,3904
2026-08-24,4906,正文,其他,其他,False,-470,0,7,38,-38,34.0,-1.73,2298
2026-08-24,1519,華城,其他,其他,False,-511,0,35,17,-8,712.0,-1.52,1099
2026-08-24,1215,卜蜂,其他,其他,False,-572,43,8,0,0,109.0,-2.68,1328
2026-08-24,2108,南帝,其他,其他,False,-409,0,0,128,-124,30.25,-3.66,1224
2026-08-24,3576,聯合再生,太陽能,綠能,False,-544,0,0,0,0,17.0,-1.73,6960
2026-08-24,4976,佳凌,其他,其他,False,-544,0,0,1,0,37.4,-1.58,2695
2026-08-24,8926,台汽電,其他,其他,False,-548,0,1,3,0,56.5,-1.4,1802
2026-08-24,2611,志信,其他,其他,False,-576,0,1,0,0,16.55,-3.78,5731
2026-08-24,2006,東和鋼鐵,鋼鐵,金屬原料,False,-651,0,0,7,67,82.5,1.1,2071
2026-08-24,4746,台耀,其他,其他,False,-558,0,30,0,0,50.0,0.0,977
2026-08-24,6257,矽格,IC設計,半導體,False,-609,-2,2,39,16,197.5,-0.5,2272
2026-08-24,3031,佰鴻,其他,其他,False,-587,0,5,0,0,23.65,-0.42,1602
2026-08-24,2208,台船,其他,其他,False,-594,0,0,0,0,19.2,-0.52,1722
2026-08-24,9103,美德醫療-DR,其他,其他,False,-599,0,0,0,0,5.13,-2.29,915
2026-08-24,3406,玉晶光,其他,其他,False,-440,0,214,79,-16,657.0,0.77,4085
2026-08-24,4566,時碩工業,其他,其他,False,-615,0,0,13,0,65.5,-2.24,1300
2026-08-24,3167,大量,其他,其他,False,-611,0,60,2,2,665.0,-8.28,5852
2026-08-24,3044,健鼎,其他,其他,False,-716,114,19,63,-21,450.0,-1.96,3079
2026-08-24,3149,正達,其他,其他,False,-630,0,0,9,0,64.1,-1.38,3237
2026-08-24,2880,華南金,金控,金融,False,2438,-3166,0,104,-30,39.25,-0.88,12930
2026-08-24,9914,美利達,其他,其他,False,-682,0,65,26,-13,84.5,-3.76,2035
2026-08-24,2498,宏達電,其他,其他,False,-653,0,10,55,-45,40.5,-1.1,2290
2026-08-24,2363,矽統,其他,其他,False,-762,0,19,65,70,50.6,-0.2,4165
2026-08-24,2884,玉山金,金控,金融,False,-900,121,12,48,75,38.15,0.39,25359
2026-08-24,2466,冠西電,其他,其他,False,-703,0,11,0,0,101.0,-2.88,3217
2026-08-24,2539,櫻花建,其他,其他,False,-714,-1,12,0,0,35.05,-2.91,1503
2026-08-24,1313,聯成,其他,其他,False,-733,0,0,9,-8,11.6,-2.93,2174
2026-08-24,2406,國碩,其他,其他,False,-740,0,0,16,-11,28.3,-0.53,2958
2026-08-24,2401,凌陽,其他,其他,False,-796,0,12,23,2,25.2,-1.18,2074
2026-08-24,1440,南紡,其他,其他,False,-601,0,167,0,0,13.6,-2.86,2270
2026-08-24,3229,晟鈦,其他,其他,False,-799,0,0,0,0,59.7,-3.4,4835
2026-08-24,2636,台驊控股,其他,其他,False,-801,0,5,0,0,74.6,1.77,3809
2026-08-24,1309,台達化,其他,其他,False,-811,0,0,8,-5,13.05,-2.61,2153
2026-08-24,2542,興富發,其他,其他,False,-899,111,2,230,-212,48.3,-1.02,7277
2026-08-24,6282,康舒,封測,半導體,False,-750,0,102,56,5,44.35,0.23,5473
2026-08-24,0052,富邦科技,其他,其他,False,-669,0,503,1198,121,60.55,-0.49,7949
2026-08-24,2371,大同,電機,電機傳產,False,-865,0,10,0,25,27.45,-0.54,7303
2026-08-24,1714,和桐,其他,其他,False,-610,0,2,256,-256,16.65,-2.06,12910
2026-08-24,6209,今國光,其他,其他,False,-905,0,0,25,36,67.8,-2.45,3508
2026-08-24,2388,威盛,其他,其他,False,-890,0,26,23,-9,72.1,-2.44,2214
2026-08-24,2601,益航,其他,其他,False,-866,0,68,0,0,7.22,-2.3,20912
2026-08-24,6830,汎銓,其他,其他,False,-1075,130,2,98,13,446.5,-3.35,5182
2026-08-24,6176,瑞儀,其他,其他,False,-974,0,14,102,-45,101.5,0.0,4649
2026-08-24,1305,華夏,其他,其他,False,-969,0,13,21,-21,11.8,-3.67,2077
2026-08-24,2374,佳能,散熱,科技硬體,False,-970,0,0,41,-38,67.1,-2.04,2351
2026-08-24,2313,華通,PCB,PCB,False,-903,6,230,110,20,212.5,-0.47,13453
2026-08-24,6456,GIS-KY,其他,其他,False,-989,0,0,45,-36,65.5,-3.68,3005
2026-08-24,2104,國際中橡,其他,其他,False,-962,0,55,16,-15,10.35,-2.82,2350
2026-08-24,5388,中磊,其他,其他,False,-1034,0,25,30,-1,77.6,0.0,2131
2026-08-24,2486,一詮,其他,其他,False,-1035,59,167,75,4,249.0,2.26,14006
2026-08-24,6901,鑽石投資,其他,其他,False,-1067,0,0,0,0,16.6,-4.05,1730
2026-08-24,1909,榮成,其他,其他,False,-1077,0,18,0,0,10.95,-2.23,3499
2026-08-24,2323,中環,其他,其他,False,-1071,0,2,63,-63,10.7,-1.38,4193
2026-08-24,1444,力麗,其他,其他,False,-1104,0,0,0,0,7.31,-2.79,2861
2026-08-24,2645,長榮航太,其他,其他,False,-1103,-2,8,66,-18,174.0,-1.69,1921
2026-08-24,2613,中櫃,其他,其他,False,-1165,0,16,0,0,23.9,-4.02,10527
2026-08-24,0056,元大高股息,其他,其他,True,-1427,260,0,310,-52,52.3,-0.19,15507
2026-08-24,3450,聯鈞,IC設計,半導體,False,-764,-306,250,169,-55,507.0,-7.99,10502
2026-08-24,2442,新美齊,其他,其他,False,-1237,0,0,0,0,19.6,-1.51,1900
2026-08-24,1708,東鹼,其他,其他,False,-1251,0,0,31,0,49.8,-3.11,4920
2026-08-24,2801,彰銀,金控,金融,False,-1172,-226,0,5,1,24.0,-0.41,8838
2026-08-24,3543,州巧,其他,其他,False,-1360,0,2,0,0,41.4,-5.91,5466
2026-08-24,1709,和益,其他,其他,False,-1412,0,85,42,-1,34.65,4.05,20640
2026-08-24,2855,統一證,其他,其他,False,-2749,1324,0,0,0,46.2,-1.91,4285
2026-08-24,1312,國喬,石化,石化原料,False,-1334,0,67,42,-39,11.8,-1.67,3276
2026-08-24,9958,世紀鋼,其他,其他,False,-1360,-201,11,16,84,97.3,0.0,4841
2026-08-24,2412,中華電,電信,電信,False,-1510,0,6,0,1,136.5,0.0,7091
2026-08-24,2330,台積電,晶圓代工,半導體,False,-1620,157,97,157,-17,2375.0,-1.45,11731
2026-08-24,6919,康霈*,其他,其他,False,-1500,0,0,33,-27,110.5,-2.64,6558
2026-08-24,1808,潤隆,其他,其他,False,-1522,0,31,0,0,35.7,-3.51,3635
2026-08-24,1304,台聚,其他,其他,False,-1473,0,3,92,-82,11.85,-2.87,2795
2026-08-24,3605,宏致,其他,其他,False,-2948,1128,37,107,240,115.5,6.45,14380
2026-08-24,1722,台肥,其他,其他,False,-1620,0,8,9,-2,46.2,-0.75,4821
2026-08-24,2881,富邦金,金控,金融,False,-1826,7,0,176,89,132.0,-1.49,13555
2026-08-24,6005,群益證,其他,其他,False,-1750,-10,0,0,0,30.25,-1.31,3707
2026-08-24,3036,文曄,IC設計,半導體,False,-1879,-26,1,98,-11,200.5,-2.67,6928
2026-08-24,3673,TPK-KY,IC設計,半導體,False,-1804,0,74,144,-79,63.1,-0.32,9209
2026-08-24,1101,台泥,水泥,傳統產業,False,-1895,0,37,165,-72,24.7,-0.6,46815
2026-08-24,3665,貿聯-KY,其他,其他,False,-1582,-456,23,205,14,2050.0,-9.89,4781
2026-08-24,1310,台苯,其他,其他,False,-2094,0,2,0,0,8.06,-1.83,4148
2026-08-24,1316,上曜,其他,其他,False,-2154,0,1,0,0,11.3,0.89,10301
2026-08-24,2002,中鋼,鋼鐵,金屬原料,False,-209,-15,1892,319,-247,19.2,-1.29,24094
2026-08-24,1710,東聯,其他,其他,False,-2415,0,0,42,-41,15.3,-3.47,4594
2026-08-24,1504,東元,電機,電機傳產,False,-2354,0,70,177,-102,71.5,-0.83,16076
2026-08-24,6278,台表科,其他,其他,False,-2963,456,22,116,-62,179.0,-4.28,8596
2026-08-24,3189,景碩,PCB,PCB,False,-2391,-246,99,282,-33,794.0,-2.1,11764
2026-08-24,6550,北極星藥業-KY,其他,其他,False,-2719,0,1,0,0,11.6,-5.31,6057
2026-08-24,2489,瑞軒,其他,其他,False,-3485,272,712,270,-120,36.9,3.51,70237
2026-08-24,5608,四維航,其他,其他,False,-2899,0,30,0,0,18.0,-4.0,47067
2026-08-24,3042,晶技,其他,其他,False,-3513,0,114,375,-223,177.5,-6.58,12007
2026-08-24,2484,希華,其他,其他,False,-3769,0,103,19,-13,72.1,0.0,10926
2026-08-24,3231,緯創,伺服器,科技硬體,False,-4107,23,36,142,0,175.5,0.0,20241
2026-08-24,2851,中再保,其他,其他,False,-4011,0,50,165,-93,42.85,-9.02,10448
2026-08-24,4763,材料*-KY,其他,其他,False,-4153,0,0,315,-272,46.8,-5.74,17473
2026-08-24,2883,凱基金,金控,金融,True,-5532,945,1,228,31,31.0,-1.74,36847
2026-08-24,2344,華邦電,IC設計,半導體,False,-4145,17,378,465,-360,177.0,-2.21,99392
2026-08-24,2882,國泰金,金控,金融,False,-4970,2,42,99,-36,98.9,-1.59,10491
2026-08-24,8039,台虹,其他,其他,False,-5416,0,649,327,-57,265.0,-6.03,50659
2026-08-24,2317,鴻海,電子製造,電子製造,False,-7545,20,170,334,-198,243.5,-0.81,23162
2026-08-24,2891,中信金,金控,金融,False,-8107,-73,61,106,-12,63.6,-2.15,17542
2026-08-24,2890,永豐金,金控,金融,False,-7556,-1126,222,178,-18,38.95,-1.64,17164
2026-08-24,2409,友達,面板,顯示面板,False,-9051,0,26,291,-117,25.25,-1.37,72335
2026-08-24,2885,元大金,金控,金融,False,-9455,-728,129,179,0,62.4,-2.5,18132
2026-08-24,2408,南亞科,其他,其他,False,-11488,887,1079,305,-193,501.0,-5.11,71724
2026-08-24,2887,台新新光金,金控,金融,False,-13423,-723,30,122,386,36.5,-2.01,31001
2026-08-24,1314,中石化,化工,石化原料,False,-13732,0,317,0,0,7.98,-3.04,29069
2026-08-24,2834,臺企銀,其他,其他,False,-14495,-13,30,11,-9,16.35,-1.21,27028
2026-08-24,0050,元大台灣50,其他,其他,True,-19904,1400,232,3466,-346,103.8,-0.81,44713
2026-08-24,1326,台化,石化,石化原料,False,-18204,500,208,1318,-1114,57.1,-4.99,33373
2026-08-24,6505,台塑化,石化,石化原料,False,-19167,0,77,683,-376,69.9,-7.78,39342
2026-08-24,1301,台塑,石化,石化原料,False,-21392,0,204,809,-499,57.0,-4.04,41808
2026-08-24,3481,群創,面板,顯示面板,False,-23066,-6,2017,997,-179,45.45,-1.3,122839
2026-08-24,1303,南亞,石化,石化原料,False,-28429,72,840,804,-287,180.0,-6.25,74410
